customer_key,customer_id,legal_name,customer_type,region,segment,risk_category,credit_score,credit_tier
1,CUST-00001,William Johnson,RETAIL_CONSUMER,SOUTH,PRIME_RETAIL,PRIME_A,746,Excellent (740+)
2,CUST-00002,Charlotte Wilson,RETAIL_CONSUMER,NORTHEAST,PRIME_RETAIL,PRIME_B,689,Good (680-739)
3,CUST-00003,Vanguard Industries Inc,COMMERCIAL_SME,WEST,SMALL_BUSINESS,PRIME_B,703,Good (680-739)
4,CUST-00004,Apex Logistics LLC,COMMERCIAL_CORP,WEST,CORPORATE,PRIME_A,783,Excellent (740+)
5,CUST-00005,Meridian Technologies Corp,COMMERCIAL_CORP,SOUTH,CORPORATE,PRIME_A,793,Excellent (740+)
6,CUST-00006,Emma Bennett,RETAIL_MORTGAGE,NORTHEAST,PRIME_RETAIL,PRIME_A,783,Excellent (740+)
7,CUST-00007,Meridian Enterprises LLC,COMMERCIAL_CORP,NORTHEAST,CORPORATE,PRIME_A,802,Excellent (740+)
8,CUST-00008,Isabella Miller,RETAIL_CONSUMER,SOUTH,PRIME_RETAIL,PRIME_B,694,Good (680-739)
9,CUST-00009,Meridian Industries Inc,COMMERCIAL_CORP,SOUTH,CORPORATE,PRIME_B,719,Good (680-739)
10,CUST-00010,William Davis,RETAIL_MORTGAGE,WEST,PRIME_RETAIL,PRIME_A,759,Excellent (740+)
11,CUST-00011,Mia Miller,RETAIL_CONSUMER,MIDWEST,PRIME_RETAIL,PRIME_A,754,Excellent (740+)
12,CUST-00012,Emma Miller,RETAIL_CONSUMER,NORTHEAST,PRIME_RETAIL,NEAR_PRIME,651,Fair (620-679)
13,CUST-00013,Pinnacle Holdings Corp,COMMERCIAL_SME,NORTHEAST,SMALL_BUSINESS,PRIME_B,700,Good (680-739)
14,CUST-00014,Sterling Enterprises LLC,COMMERCIAL_CORP,NORTHEAST,CORPORATE,PRIME_A,776,Excellent (740+)
15,CUST-00015,Sterling Logistics LLC,COMMERCIAL_SME,NORTHEAST,SMALL_BUSINESS,NEAR_PRIME,679,Fair (620-679)
16,CUST-00016,Mia Bennett,RETAIL_MORTGAGE,SOUTH,PRIME_RETAIL,PRIME_A,779,Excellent (740+)
17,CUST-00017,Mia Garcia,RETAIL_CONSUMER,NORTHEAST,PRIME_RETAIL,PRIME_B,738,Good (680-739)
18,CUST-00018,Meridian Enterprises LLC,COMMERCIAL_CORP,MIDWEST,CORPORATE,PRIME_A,743,Excellent (740+)
19,CUST-00019,Summit Logistics LLC,COMMERCIAL_CORP,WEST,CORPORATE,PRIME_B,715,Good (680-739)
20,CUST-00020,Summit Technologies Corp,COMMERCIAL_SME,NORTHEAST,SMALL_BUSINESS,PRIME_A,744,Excellent (740+)
21,CUST-00021,Oliver Campbell,RETAIL_CONSUMER,WEST,PRIME_RETAIL,PRIME_B,683,Good (680-739)
22,CUST-00022,Apex Holdings Corp,COMMERCIAL_SME,NORTHEAST,SMALL_BUSINESS,PRIME_B,719,Good (680-739)
23,CUST-00023,Pinnacle Technologies Corp,COMMERCIAL_CORP,SOUTH,CORPORATE,PRIME_B,729,Good (680-739)
24,CUST-00024,William Johnson,RETAIL_MORTGAGE,SOUTH,PRIME_RETAIL,PRIME_A,758,Excellent (740+)
25,CUST-00025,Atlas Enterprises LLC,COMMERCIAL_SME,WEST,SMALL_BUSINESS,PRIME_A,744,Excellent (740+)
26,CUST-00026,Atlas Global Capital LLC,COMMERCIAL_SME,NORTHEAST,SMALL_BUSINESS,PRIME_B,714,Good (680-739)
27,CUST-00027,Sophia Campbell,RETAIL_MORTGAGE,SOUTH,PRIME_RETAIL,PRIME_A,770,Excellent (740+)
28,CUST-00028,Emma Miller,RETAIL_MORTGAGE,SOUTH,PRIME_RETAIL,PRIME_A,743,Excellent (740+)
29,CUST-00029,Pinnacle Holdings Corp,COMMERCIAL_SME,WEST,SMALL_BUSINESS,PRIME_A,748,Excellent (740+)
30,CUST-00030,Ava Davis,RETAIL_CONSUMER,WEST,PRIME_RETAIL,PRIME_B,737,Good (680-739)
31,CUST-00031,Daniel Garcia,RETAIL_CONSUMER,MIDWEST,PRIME_RETAIL,NEAR_PRIME,658,Fair (620-679)
32,CUST-00032,Apex Logistics LLC,COMMERCIAL_CORP,MIDWEST,CORPORATE,PRIME_A,756,Excellent (740+)
33,CUST-00033,William Johnson,RETAIL_CONSUMER,MIDWEST,PRIME_RETAIL,PRIME_B,712,Good (680-739)
34,CUST-00034,Ava Garcia,RETAIL_MORTGAGE,SOUTH,PRIME_RETAIL,PRIME_A,771,Excellent (740+)
35,CUST-00035,Alexander Johnson,RETAIL_MORTGAGE,MIDWEST,PRIME_RETAIL,PRIME_A,772,Excellent (740+)
36,CUST-00036,Meridian Global Capital LLC,COMMERCIAL_SME,MIDWEST,SMALL_BUSINESS,NEAR_PRIME,666,Fair (620-679)
37,CUST-00037,Aegis Logistics LLC,COMMERCIAL_SME,WEST,SMALL_BUSINESS,PRIME_B,717,Good (680-739)
38,CUST-00038,Nexus Logistics LLC,COMMERCIAL_SME,NORTHEAST,SMALL_BUSINESS,PRIME_B,691,Good (680-739)
39,CUST-00039,Henry Taylor,RETAIL_MORTGAGE,WEST,PRIME_RETAIL,PRIME_B,736,Good (680-739)
40,CUST-00040,Pinnacle Industries Inc,COMMERCIAL_CORP,SOUTH,CORPORATE,PRIME_B,691,Good (680-739)
41,CUST-00041,Summit Technologies Corp,COMMERCIAL_CORP,NORTHEAST,CORPORATE,PRIME_A,783,Excellent (740+)
42,CUST-00042,Pinnacle Holdings Corp,COMMERCIAL_CORP,NORTHEAST,CORPORATE,PRIME_B,686,Good (680-739)
43,CUST-00043,Alexander Campbell,RETAIL_CONSUMER,MIDWEST,PRIME_RETAIL,NEAR_PRIME,668,Fair (620-679)
44,CUST-00044,Henry Campbell,RETAIL_CONSUMER,WEST,PRIME_RETAIL,PRIME_A,746,Excellent (740+)
45,CUST-00045,Vanguard Logistics LLC,COMMERCIAL_CORP,NORTHEAST,CORPORATE,PRIME_A,785,Excellent (740+)
46,CUST-00046,Isabella Foster,RETAIL_CONSUMER,NORTHEAST,PRIME_RETAIL,NEAR_PRIME,666,Fair (620-679)
47,CUST-00047,Isabella Taylor,RETAIL_MORTGAGE,NORTHEAST,PRIME_RETAIL,PRIME_A,756,Excellent (740+)
48,CUST-00048,Atlas Global Capital LLC,COMMERCIAL_SME,SOUTH,SMALL_BUSINESS,PRIME_A,751,Excellent (740+)
49,CUST-00049,Pinnacle Logistics LLC,COMMERCIAL_CORP,SOUTH,CORPORATE,PRIME_B,717,Good (680-739)
50,CUST-00050,Sophia Harris,RETAIL_MORTGAGE,WEST,PRIME_RETAIL,PRIME_B,731,Good (680-739)
51,CUST-00051,Isabella Taylor,RETAIL_CONSUMER,NORTHEAST,PRIME_RETAIL,PRIME_B,699,Good (680-739)
52,CUST-00052,Henry Taylor,RETAIL_CONSUMER,NORTHEAST,PRIME_RETAIL,PRIME_B,736,Good (680-739)
53,CUST-00053,Sophia Anderson,RETAIL_CONSUMER,NORTHEAST,PRIME_RETAIL,PRIME_B,694,Good (680-739)
54,CUST-00054,Emma Miller,RETAIL_MORTGAGE,NORTHEAST,PRIME_RETAIL,PRIME_A,780,Excellent (740+)
55,CUST-00055,Daniel Bennett,RETAIL_CONSUMER,SOUTH,PRIME_RETAIL,PRIME_A,772,Excellent (740+)
56,CUST-00056,Charlotte Garcia,RETAIL_MORTGAGE,MIDWEST,PRIME_RETAIL,PRIME_A,816,Excellent (740+)
57,CUST-00057,Alexander Taylor,RETAIL_CONSUMER,MIDWEST,PRIME_RETAIL,NEAR_PRIME,657,Fair (620-679)
58,CUST-00058,Sterling Holdings Corp,COMMERCIAL_CORP,NORTHEAST,CORPORATE,PRIME_B,720,Good (680-739)
59,CUST-00059,Henry Davis,RETAIL_MORTGAGE,WEST,PRIME_RETAIL,PRIME_B,731,Good (680-739)
60,CUST-00060,Titan Holdings Corp,COMMERCIAL_CORP,SOUTH,CORPORATE,PRIME_A,774,Excellent (740+)
61,CUST-00061,Ava Edwards,RETAIL_CONSUMER,NORTHEAST,PRIME_RETAIL,NEAR_PRIME,662,Fair (620-679)
62,CUST-00062,Meridian Industries Inc,COMMERCIAL_CORP,NORTHEAST,CORPORATE,PRIME_A,831,Excellent (740+)
63,CUST-00063,Mia Johnson,RETAIL_CONSUMER,MIDWEST,PRIME_RETAIL,NEAR_PRIME,668,Fair (620-679)
64,CUST-00064,James Garcia,RETAIL_MORTGAGE,WEST,PRIME_RETAIL,PRIME_B,710,Good (680-739)
65,CUST-00065,Daniel Miller,RETAIL_CONSUMER,NORTHEAST,PRIME_RETAIL,NEAR_PRIME,677,Fair (620-679)
66,CUST-00066,Atlas Industries Inc,COMMERCIAL_SME,SOUTH,SMALL_BUSINESS,PRIME_A,766,Excellent (740+)
67,CUST-00067,Emma Foster,RETAIL_MORTGAGE,WEST,PRIME_RETAIL,PRIME_B,694,Good (680-739)
68,CUST-00068,Sterling Industries Inc,COMMERCIAL_CORP,MIDWEST,CORPORATE,PRIME_B,725,Good (680-739)
69,CUST-00069,Daniel Bennett,RETAIL_CONSUMER,WEST,PRIME_RETAIL,PRIME_B,693,Good (680-739)
70,CUST-00070,Aegis Technologies Corp,COMMERCIAL_SME,MIDWEST,SMALL_BUSINESS,NEAR_PRIME,656,Fair (620-679)
71,CUST-00071,Alexander Campbell,RETAIL_MORTGAGE,SOUTH,PRIME_RETAIL,PRIME_A,850,Excellent (740+)
72,CUST-00072,Daniel Bennett,RETAIL_MORTGAGE,SOUTH,PRIME_RETAIL,PRIME_A,807,Excellent (740+)
73,CUST-00073,Aegis Enterprises LLC,COMMERCIAL_SME,WEST,SMALL_BUSINESS,NEAR_PRIME,668,Fair (620-679)
74,CUST-00074,Nexus Logistics LLC,COMMERCIAL_SME,WEST,SMALL_BUSINESS,PRIME_B,711,Good (680-739)
75,CUST-00075,Nexus Technologies Corp,COMMERCIAL_SME,WEST,SMALL_BUSINESS,PRIME_B,722,Good (680-739)
76,CUST-00076,Emma Davis,RETAIL_CONSUMER,NORTHEAST,PRIME_RETAIL,PRIME_A,745,Excellent (740+)
77,CUST-00077,Summit Logistics LLC,COMMERCIAL_CORP,SOUTH,CORPORATE,PRIME_B,725,Good (680-739)
78,CUST-00078,Ava Johnson,RETAIL_CONSUMER,SOUTH,PRIME_RETAIL,PRIME_A,747,Excellent (740+)
79,CUST-00079,Sophia Foster,RETAIL_CONSUMER,MIDWEST,PRIME_RETAIL,PRIME_B,725,Good (680-739)
80,CUST-00080,Atlas Technologies Corp,COMMERCIAL_CORP,NORTHEAST,CORPORATE,PRIME_A,767,Excellent (740+)
81,CUST-00081,Sophia Bennett,RETAIL_MORTGAGE,WEST,PRIME_RETAIL,PRIME_A,799,Excellent (740+)
82,CUST-00082,Charlotte Anderson,RETAIL_MORTGAGE,WEST,PRIME_RETAIL,PRIME_A,809,Excellent (740+)
83,CUST-00083,Pinnacle Technologies Corp,COMMERCIAL_CORP,MIDWEST,CORPORATE,PRIME_A,805,Excellent (740+)
84,CUST-00084,Nexus Technologies Corp,COMMERCIAL_SME,NORTHEAST,SMALL_BUSINESS,PRIME_B,695,Good (680-739)
85,CUST-00085,Ava Taylor,RETAIL_MORTGAGE,NORTHEAST,PRIME_RETAIL,PRIME_A,748,Excellent (740+)
86,CUST-00086,Sophia Edwards,RETAIL_CONSUMER,MIDWEST,PRIME_RETAIL,PRIME_B,699,Good (680-739)
87,CUST-00087,Alexander Taylor,RETAIL_CONSUMER,MIDWEST,PRIME_RETAIL,PRIME_B,714,Good (680-739)
88,CUST-00088,Henry Edwards,RETAIL_MORTGAGE,WEST,PRIME_RETAIL,PRIME_A,766,Excellent (740+)
89,CUST-00089,Atlas Technologies Corp,COMMERCIAL_SME,NORTHEAST,SMALL_BUSINESS,PRIME_B,688,Good (680-739)
90,CUST-00090,William Taylor,RETAIL_CONSUMER,WEST,PRIME_RETAIL,PRIME_B,714,Good (680-739)
91,CUST-00091,William Miller,RETAIL_MORTGAGE,MIDWEST,PRIME_RETAIL,PRIME_B,724,Good (680-739)
92,CUST-00092,Sophia Foster,RETAIL_CONSUMER,MIDWEST,PRIME_RETAIL,PRIME_B,681,Good (680-739)
93,CUST-00093,Emma Johnson,RETAIL_CONSUMER,MIDWEST,PRIME_RETAIL,PRIME_B,722,Good (680-739)
94,CUST-00094,Daniel Davis,RETAIL_CONSUMER,SOUTH,PRIME_RETAIL,PRIME_B,724,Good (680-739)
95,CUST-00095,Aegis Holdings Corp,COMMERCIAL_SME,NORTHEAST,SMALL_BUSINESS,PRIME_A,743,Excellent (740+)
96,CUST-00096,Daniel Garcia,RETAIL_CONSUMER,WEST,PRIME_RETAIL,PRIME_B,683,Good (680-739)
97,CUST-00097,Titan Technologies Corp,COMMERCIAL_CORP,WEST,CORPORATE,PRIME_A,773,Excellent (740+)
98,CUST-00098,Sterling Holdings Corp,COMMERCIAL_CORP,MIDWEST,CORPORATE,PRIME_A,835,Excellent (740+)
99,CUST-00099,Apex Enterprises LLC,COMMERCIAL_SME,MIDWEST,SMALL_BUSINESS,PRIME_B,720,Good (680-739)
100,CUST-00100,Nexus Global Capital LLC,COMMERCIAL_SME,SOUTH,SMALL_BUSINESS,PRIME_A,754,Excellent (740+)
