loan_key,loan_id,customer_id,product_code,start_date,maturity_date,original_principal,annual_interest_rate,term_months,rate_type,interest_method
1,LOAN-000001,CUST-00001,PROD-RET-INST,2023-09-13,2027-09-13,61093.43,0.089,48,FIXED,ACTUAL/365
2,LOAN-000002,CUST-00002,PROD-RET-INST,2022-12-02,2026-12-02,23279.94,0.089,48,FIXED,ACTUAL/365
3,LOAN-000003,CUST-00003,PROD-SME-WC,2023-10-24,2025-10-23,1396493.4,0.0925,24,FLOATING,ACTUAL/360
4,LOAN-000004,CUST-00004,PROD-COMM-TERM,2023-11-10,2028-11-09,1048508.4,0.065,60,FIXED,ACTUAL/360
5,LOAN-000005,CUST-00005,PROD-COMM-TERM,2022-03-23,2027-03-23,3343842.44,0.065,60,FIXED,ACTUAL/360
6,LOAN-000006,CUST-00006,PROD-MORT-30,2023-09-04,2053-09-03,635401.68,0.0625,360,FIXED,30/360
7,LOAN-000007,CUST-00007,PROD-COMM-REV,2023-10-22,2026-10-21,8371148.8,0.0663,36,FLOATING,ACTUAL/360
8,LOAN-000008,CUST-00008,PROD-RET-INST,2023-10-12,2027-10-12,28443.78,0.089,48,FIXED,ACTUAL/365
9,LOAN-000009,CUST-00009,PROD-COMM-REV,2022-07-16,2025-07-15,13317483.33,0.0663,36,FLOATING,ACTUAL/360
10,LOAN-000010,CUST-00010,PROD-MORT-30,2023-05-12,2053-05-11,108754.46,0.0625,360,FIXED,30/360
11,LOAN-000011,CUST-00011,PROD-RET-INST,2022-05-15,2026-05-15,13774.87,0.089,48,FIXED,ACTUAL/365
12,LOAN-000012,CUST-00012,PROD-RET-INST,2023-12-15,2027-12-15,6063.8,0.089,48,FIXED,ACTUAL/365
13,LOAN-000013,CUST-00013,PROD-SME-WC,2023-03-15,2025-03-14,293384.81,0.0925,24,FLOATING,ACTUAL/360
14,LOAN-000014,CUST-00014,PROD-COMM-REV,2022-03-19,2025-03-18,2007592.77,0.0663,36,FLOATING,ACTUAL/360
15,LOAN-000015,CUST-00015,PROD-SME-WC,2022-12-29,2024-12-28,432275.75,0.0925,24,FLOATING,ACTUAL/360
16,LOAN-000016,CUST-00016,PROD-MORT-30,2022-08-01,2052-07-31,316614.47,0.0625,360,FIXED,30/360
17,LOAN-000017,CUST-00017,PROD-RET-INST,2022-06-01,2026-06-01,97953.39,0.089,48,FIXED,ACTUAL/365
18,LOAN-000018,CUST-00018,PROD-COMM-TERM,2023-04-02,2028-04-01,4358701.7,0.065,60,FIXED,ACTUAL/360
19,LOAN-000019,CUST-00019,PROD-COMM-TERM,2023-02-08,2028-02-08,2619314.65,0.065,60,FIXED,ACTUAL/360
20,LOAN-000020,CUST-00020,PROD-SME-WC,2023-12-04,2025-12-03,1265757.8,0.0925,24,FLOATING,ACTUAL/360
21,LOAN-000021,CUST-00021,PROD-RET-INST,2023-03-26,2027-03-26,75864.87,0.089,48,FIXED,ACTUAL/365
22,LOAN-000022,CUST-00022,PROD-SME-WC,2022-06-12,2024-06-11,806382.04,0.0925,24,FLOATING,ACTUAL/360
23,LOAN-000023,CUST-00023,PROD-COMM-TERM,2023-10-22,2028-10-21,2440303.32,0.065,60,FIXED,ACTUAL/360
24,LOAN-000024,CUST-00024,PROD-MORT-30,2023-11-13,2053-11-12,1174805.49,0.0625,360,FIXED,30/360
25,LOAN-000025,CUST-00025,PROD-SME-WC,2023-11-24,2025-11-23,1210972.11,0.0925,24,FLOATING,ACTUAL/360
26,LOAN-000026,CUST-00026,PROD-SME-WC,2023-08-06,2025-08-05,378062.35,0.0925,24,FLOATING,ACTUAL/360
27,LOAN-000027,CUST-00027,PROD-MORT-30,2023-05-09,2053-05-08,846638.01,0.0625,360,FIXED,30/360
28,LOAN-000028,CUST-00028,PROD-MORT-30,2023-04-23,2053-04-22,1205859.1,0.0625,360,FIXED,30/360
29,LOAN-000029,CUST-00029,PROD-SME-WC,2022-10-24,2024-10-23,644177.39,0.0925,24,FLOATING,ACTUAL/360
30,LOAN-000030,CUST-00030,PROD-RET-INST,2023-05-17,2027-05-17,51377.73,0.089,48,FIXED,ACTUAL/365
31,LOAN-000031,CUST-00031,PROD-RET-INST,2023-09-29,2027-09-29,9877.81,0.089,48,FIXED,ACTUAL/365
32,LOAN-000032,CUST-00032,PROD-COMM-REV,2022-02-07,2025-02-06,5803313.79,0.0663,36,FLOATING,ACTUAL/360
33,LOAN-000033,CUST-00033,PROD-RET-INST,2022-03-27,2026-03-27,76133.82,0.089,48,FIXED,ACTUAL/365
34,LOAN-000034,CUST-00034,PROD-MORT-30,2022-03-28,2052-03-27,440589.21,0.0625,360,FIXED,30/360
35,LOAN-000035,CUST-00035,PROD-MORT-30,2022-06-09,2052-06-08,1255615.52,0.0625,360,FIXED,30/360
36,LOAN-000036,CUST-00036,PROD-SME-WC,2022-06-18,2024-06-17,850133.64,0.0925,24,FLOATING,ACTUAL/360
37,LOAN-000037,CUST-00037,PROD-SME-WC,2023-02-27,2025-02-26,1464178.59,0.0925,24,FLOATING,ACTUAL/360
38,LOAN-000038,CUST-00038,PROD-SME-WC,2022-11-01,2024-10-31,953458.27,0.0925,24,FLOATING,ACTUAL/360
39,LOAN-000039,CUST-00039,PROD-MORT-30,2022-12-06,2052-12-05,655208.55,0.0625,360,FIXED,30/360
40,LOAN-000040,CUST-00040,PROD-COMM-TERM,2023-01-31,2028-01-31,3763306.15,0.065,60,FIXED,ACTUAL/360
41,LOAN-000041,CUST-00041,PROD-COMM-TERM,2022-12-20,2027-12-20,4714522.65,0.065,60,FIXED,ACTUAL/360
42,LOAN-000042,CUST-00042,PROD-COMM-REV,2022-08-15,2025-08-14,9169858.62,0.0663,36,FLOATING,ACTUAL/360
43,LOAN-000043,CUST-00043,PROD-RET-INST,2023-05-23,2027-05-23,50396.13,0.089,48,FIXED,ACTUAL/365
44,LOAN-000044,CUST-00044,PROD-RET-INST,2023-05-23,2027-05-23,96694.0,0.089,48,FIXED,ACTUAL/365
45,LOAN-000045,CUST-00045,PROD-COMM-REV,2023-07-12,2026-07-11,11602503.86,0.0663,36,FLOATING,ACTUAL/360
46,LOAN-000046,CUST-00046,PROD-RET-INST,2022-09-19,2026-09-19,41426.26,0.089,48,FIXED,ACTUAL/365
47,LOAN-000047,CUST-00047,PROD-MORT-30,2022-07-03,2052-07-02,1083236.62,0.0625,360,FIXED,30/360
48,LOAN-000048,CUST-00048,PROD-SME-WC,2022-11-01,2024-10-31,406367.0,0.0925,24,FLOATING,ACTUAL/360
49,LOAN-000049,CUST-00049,PROD-COMM-TERM,2022-02-23,2027-02-23,1235041.86,0.065,60,FIXED,ACTUAL/360
50,LOAN-000050,CUST-00050,PROD-MORT-30,2023-05-27,2053-05-26,616762.71,0.0625,360,FIXED,30/360
51,LOAN-000051,CUST-00051,PROD-RET-INST,2022-08-19,2026-08-19,97009.25,0.089,48,FIXED,ACTUAL/365
52,LOAN-000052,CUST-00052,PROD-RET-INST,2022-03-23,2026-03-23,86852.82,0.089,48,FIXED,ACTUAL/365
53,LOAN-000053,CUST-00053,PROD-RET-INST,2022-09-14,2026-09-14,82624.72,0.089,48,FIXED,ACTUAL/365
54,LOAN-000054,CUST-00054,PROD-MORT-30,2022-06-16,2052-06-15,556571.88,0.0625,360,FIXED,30/360
55,LOAN-000055,CUST-00055,PROD-RET-INST,2022-05-11,2026-05-11,66804.5,0.089,48,FIXED,ACTUAL/365
56,LOAN-000056,CUST-00056,PROD-MORT-30,2022-09-02,2052-09-01,122152.42,0.0625,360,FIXED,30/360
57,LOAN-000057,CUST-00057,PROD-RET-INST,2023-12-14,2027-12-14,56501.71,0.089,48,FIXED,ACTUAL/365
58,LOAN-000058,CUST-00058,PROD-COMM-TERM,2023-06-28,2028-06-27,2654810.99,0.065,60,FIXED,ACTUAL/360
59,LOAN-000059,CUST-00059,PROD-MORT-30,2022-06-20,2052-06-19,464507.17,0.0625,360,FIXED,30/360
60,LOAN-000060,CUST-00060,PROD-COMM-REV,2023-07-12,2026-07-11,12578535.03,0.0663,36,FLOATING,ACTUAL/360
61,LOAN-000061,CUST-00061,PROD-RET-INST,2023-01-27,2027-01-27,24581.34,0.089,48,FIXED,ACTUAL/365
62,LOAN-000062,CUST-00062,PROD-COMM-TERM,2023-08-15,2028-08-14,4819674.34,0.065,60,FIXED,ACTUAL/360
63,LOAN-000063,CUST-00063,PROD-RET-INST,2022-12-26,2026-12-26,48142.1,0.089,48,FIXED,ACTUAL/365
64,LOAN-000064,CUST-00064,PROD-MORT-30,2022-09-12,2052-09-11,1226158.49,0.0625,360,FIXED,30/360
65,LOAN-000065,CUST-00065,PROD-RET-INST,2022-10-29,2026-10-29,76461.32,0.089,48,FIXED,ACTUAL/365
66,LOAN-000066,CUST-00066,PROD-SME-WC,2023-10-31,2025-10-30,609948.45,0.0925,24,FLOATING,ACTUAL/360
67,LOAN-000067,CUST-00067,PROD-MORT-30,2022-05-20,2052-05-19,778895.67,0.0625,360,FIXED,30/360
68,LOAN-000068,CUST-00068,PROD-COMM-TERM,2023-07-16,2028-07-15,2086775.92,0.065,60,FIXED,ACTUAL/360
69,LOAN-000069,CUST-00069,PROD-RET-INST,2022-05-08,2026-05-08,79207.3,0.089,48,FIXED,ACTUAL/365
70,LOAN-000070,CUST-00070,PROD-SME-WC,2023-03-24,2025-03-23,158806.94,0.0925,24,FLOATING,ACTUAL/360
71,LOAN-000071,CUST-00071,PROD-MORT-30,2023-09-27,2053-09-26,255957.72,0.0625,360,FIXED,30/360
72,LOAN-000072,CUST-00072,PROD-MORT-30,2023-08-28,2053-08-27,1168065.3,0.0625,360,FIXED,30/360
73,LOAN-000073,CUST-00073,PROD-SME-WC,2022-11-16,2024-11-15,1056842.36,0.0925,24,FLOATING,ACTUAL/360
74,LOAN-000074,CUST-00074,PROD-SME-WC,2022-01-18,2024-01-18,800324.02,0.0925,24,FLOATING,ACTUAL/360
75,LOAN-000075,CUST-00075,PROD-SME-WC,2023-08-19,2025-08-18,106286.46,0.0925,24,FLOATING,ACTUAL/360
76,LOAN-000076,CUST-00076,PROD-RET-INST,2024-01-03,2028-01-03,71277.22,0.089,48,FIXED,ACTUAL/365
77,LOAN-000077,CUST-00077,PROD-COMM-TERM,2022-03-21,2027-03-21,6694339.61,0.065,60,FIXED,ACTUAL/360
78,LOAN-000078,CUST-00078,PROD-RET-INST,2023-01-29,2027-01-29,23709.16,0.089,48,FIXED,ACTUAL/365
79,LOAN-000079,CUST-00079,PROD-RET-INST,2022-06-04,2026-06-04,7771.41,0.089,48,FIXED,ACTUAL/365
80,LOAN-000080,CUST-00080,PROD-COMM-TERM,2022-07-04,2027-07-04,3865760.13,0.065,60,FIXED,ACTUAL/360
81,LOAN-000081,CUST-00081,PROD-MORT-30,2023-12-13,2053-12-12,1170079.71,0.0625,360,FIXED,30/360
82,LOAN-000082,CUST-00082,PROD-MORT-30,2022-09-27,2052-09-26,1368566.44,0.0625,360,FIXED,30/360
83,LOAN-000083,CUST-00083,PROD-COMM-REV,2023-01-25,2026-01-24,5438365.33,0.0663,36,FLOATING,ACTUAL/360
84,LOAN-000084,CUST-00084,PROD-SME-WC,2023-03-11,2025-03-10,594339.86,0.0925,24,FLOATING,ACTUAL/360
85,LOAN-000085,CUST-00085,PROD-MORT-30,2022-06-12,2052-06-11,1020464.28,0.0625,360,FIXED,30/360
86,LOAN-000086,CUST-00086,PROD-RET-INST,2022-03-26,2026-03-26,19767.27,0.089,48,FIXED,ACTUAL/365
87,LOAN-000087,CUST-00087,PROD-RET-INST,2023-09-12,2027-09-12,6045.72,0.089,48,FIXED,ACTUAL/365
88,LOAN-000088,CUST-00088,PROD-MORT-30,2022-04-02,2052-04-01,797415.6,0.0625,360,FIXED,30/360
89,LOAN-000089,CUST-00089,PROD-SME-WC,2022-12-05,2024-12-04,396973.65,0.0925,24,FLOATING,ACTUAL/360
90,LOAN-000090,CUST-00090,PROD-RET-INST,2022-12-14,2026-12-14,76071.91,0.089,48,FIXED,ACTUAL/365
91,LOAN-000091,CUST-00091,PROD-MORT-30,2023-08-07,2053-08-06,245518.18,0.0625,360,FIXED,30/360
92,LOAN-000092,CUST-00092,PROD-RET-INST,2022-12-28,2026-12-28,62663.95,0.089,48,FIXED,ACTUAL/365
93,LOAN-000093,CUST-00093,PROD-RET-INST,2022-07-12,2026-07-12,89812.6,0.089,48,FIXED,ACTUAL/365
94,LOAN-000094,CUST-00094,PROD-RET-INST,2022-02-01,2026-02-01,95040.22,0.089,48,FIXED,ACTUAL/365
95,LOAN-000095,CUST-00095,PROD-SME-WC,2022-11-26,2024-11-25,1127663.85,0.0925,24,FLOATING,ACTUAL/360
96,LOAN-000096,CUST-00096,PROD-RET-INST,2023-10-05,2027-10-05,20582.34,0.089,48,FIXED,ACTUAL/365
97,LOAN-000097,CUST-00097,PROD-COMM-TERM,2023-12-02,2028-12-01,8971716.28,0.065,60,FIXED,ACTUAL/360
98,LOAN-000098,CUST-00098,PROD-COMM-REV,2023-09-08,2026-09-07,2191801.36,0.0663,36,FLOATING,ACTUAL/360
99,LOAN-000099,CUST-00099,PROD-SME-WC,2022-12-09,2024-12-08,582412.89,0.0925,24,FLOATING,ACTUAL/360
100,LOAN-000100,CUST-00100,PROD-SME-WC,2022-04-08,2024-04-07,362064.3,0.0925,24,FLOATING,ACTUAL/360
