full_date,date_key,calendar_year,calendar_quarter,quarter_name,month_number,month_name,month_short,year_month,day_of_month,day_of_week,day_name,is_weekend,is_month_end
2020-01-01,20200101,2020,1,Q1 2020,1,January,Jan,2020-01,1,3,Wednesday,False,False
2020-01-02,20200102,2020,1,Q1 2020,1,January,Jan,2020-01,2,4,Thursday,False,False
2020-01-03,20200103,2020,1,Q1 2020,1,January,Jan,2020-01,3,5,Friday,False,False
2020-01-04,20200104,2020,1,Q1 2020,1,January,Jan,2020-01,4,6,Saturday,True,False
2020-01-05,20200105,2020,1,Q1 2020,1,January,Jan,2020-01,5,7,Sunday,True,False
2020-01-06,20200106,2020,1,Q1 2020,1,January,Jan,2020-01,6,1,Monday,False,False
2020-01-07,20200107,2020,1,Q1 2020,1,January,Jan,2020-01,7,2,Tuesday,False,False
2020-01-08,20200108,2020,1,Q1 2020,1,January,Jan,2020-01,8,3,Wednesday,False,False
2020-01-09,20200109,2020,1,Q1 2020,1,January,Jan,2020-01,9,4,Thursday,False,False
2020-01-10,20200110,2020,1,Q1 2020,1,January,Jan,2020-01,10,5,Friday,False,False
2020-01-11,20200111,2020,1,Q1 2020,1,January,Jan,2020-01,11,6,Saturday,True,False
2020-01-12,20200112,2020,1,Q1 2020,1,January,Jan,2020-01,12,7,Sunday,True,False
2020-01-13,20200113,2020,1,Q1 2020,1,January,Jan,2020-01,13,1,Monday,False,False
2020-01-14,20200114,2020,1,Q1 2020,1,January,Jan,2020-01,14,2,Tuesday,False,False
2020-01-15,20200115,2020,1,Q1 2020,1,January,Jan,2020-01,15,3,Wednesday,False,False
2020-01-16,20200116,2020,1,Q1 2020,1,January,Jan,2020-01,16,4,Thursday,False,False
2020-01-17,20200117,2020,1,Q1 2020,1,January,Jan,2020-01,17,5,Friday,False,False
2020-01-18,20200118,2020,1,Q1 2020,1,January,Jan,2020-01,18,6,Saturday,True,False
2020-01-19,20200119,2020,1,Q1 2020,1,January,Jan,2020-01,19,7,Sunday,True,False
2020-01-20,20200120,2020,1,Q1 2020,1,January,Jan,2020-01,20,1,Monday,False,False
2020-01-21,20200121,2020,1,Q1 2020,1,January,Jan,2020-01,21,2,Tuesday,False,False
2020-01-22,20200122,2020,1,Q1 2020,1,January,Jan,2020-01,22,3,Wednesday,False,False
2020-01-23,20200123,2020,1,Q1 2020,1,January,Jan,2020-01,23,4,Thursday,False,False
2020-01-24,20200124,2020,1,Q1 2020,1,January,Jan,2020-01,24,5,Friday,False,False
2020-01-25,20200125,2020,1,Q1 2020,1,January,Jan,2020-01,25,6,Saturday,True,False
2020-01-26,20200126,2020,1,Q1 2020,1,January,Jan,2020-01,26,7,Sunday,True,False
2020-01-27,20200127,2020,1,Q1 2020,1,January,Jan,2020-01,27,1,Monday,False,False
2020-01-28,20200128,2020,1,Q1 2020,1,January,Jan,2020-01,28,2,Tuesday,False,False
2020-01-29,20200129,2020,1,Q1 2020,1,January,Jan,2020-01,29,3,Wednesday,False,False
2020-01-30,20200130,2020,1,Q1 2020,1,January,Jan,2020-01,30,4,Thursday,False,False
2020-01-31,20200131,2020,1,Q1 2020,1,January,Jan,2020-01,31,5,Friday,False,True
2020-02-01,20200201,2020,1,Q1 2020,2,February,Feb,2020-02,1,6,Saturday,True,False
2020-02-02,20200202,2020,1,Q1 2020,2,February,Feb,2020-02,2,7,Sunday,True,False
2020-02-03,20200203,2020,1,Q1 2020,2,February,Feb,2020-02,3,1,Monday,False,False
2020-02-04,20200204,2020,1,Q1 2020,2,February,Feb,2020-02,4,2,Tuesday,False,False
2020-02-05,20200205,2020,1,Q1 2020,2,February,Feb,2020-02,5,3,Wednesday,False,False
2020-02-06,20200206,2020,1,Q1 2020,2,February,Feb,2020-02,6,4,Thursday,False,False
2020-02-07,20200207,2020,1,Q1 2020,2,February,Feb,2020-02,7,5,Friday,False,False
2020-02-08,20200208,2020,1,Q1 2020,2,February,Feb,2020-02,8,6,Saturday,True,False
2020-02-09,20200209,2020,1,Q1 2020,2,February,Feb,2020-02,9,7,Sunday,True,False
2020-02-10,20200210,2020,1,Q1 2020,2,February,Feb,2020-02,10,1,Monday,False,False
2020-02-11,20200211,2020,1,Q1 2020,2,February,Feb,2020-02,11,2,Tuesday,False,False
2020-02-12,20200212,2020,1,Q1 2020,2,February,Feb,2020-02,12,3,Wednesday,False,False
2020-02-13,20200213,2020,1,Q1 2020,2,February,Feb,2020-02,13,4,Thursday,False,False
2020-02-14,20200214,2020,1,Q1 2020,2,February,Feb,2020-02,14,5,Friday,False,False
2020-02-15,20200215,2020,1,Q1 2020,2,February,Feb,2020-02,15,6,Saturday,True,False
2020-02-16,20200216,2020,1,Q1 2020,2,February,Feb,2020-02,16,7,Sunday,True,False
2020-02-17,20200217,2020,1,Q1 2020,2,February,Feb,2020-02,17,1,Monday,False,False
2020-02-18,20200218,2020,1,Q1 2020,2,February,Feb,2020-02,18,2,Tuesday,False,False
2020-02-19,20200219,2020,1,Q1 2020,2,February,Feb,2020-02,19,3,Wednesday,False,False
2020-02-20,20200220,2020,1,Q1 2020,2,February,Feb,2020-02,20,4,Thursday,False,False
2020-02-21,20200221,2020,1,Q1 2020,2,February,Feb,2020-02,21,5,Friday,False,False
2020-02-22,20200222,2020,1,Q1 2020,2,February,Feb,2020-02,22,6,Saturday,True,False
2020-02-23,20200223,2020,1,Q1 2020,2,February,Feb,2020-02,23,7,Sunday,True,False
2020-02-24,20200224,2020,1,Q1 2020,2,February,Feb,2020-02,24,1,Monday,False,False
2020-02-25,20200225,2020,1,Q1 2020,2,February,Feb,2020-02,25,2,Tuesday,False,False
2020-02-26,20200226,2020,1,Q1 2020,2,February,Feb,2020-02,26,3,Wednesday,False,False
2020-02-27,20200227,2020,1,Q1 2020,2,February,Feb,2020-02,27,4,Thursday,False,False
2020-02-28,20200228,2020,1,Q1 2020,2,February,Feb,2020-02,28,5,Friday,False,False
2020-02-29,20200229,2020,1,Q1 2020,2,February,Feb,2020-02,29,6,Saturday,True,True
2020-03-01,20200301,2020,1,Q1 2020,3,March,Mar,2020-03,1,7,Sunday,True,False
2020-03-02,20200302,2020,1,Q1 2020,3,March,Mar,2020-03,2,1,Monday,False,False
2020-03-03,20200303,2020,1,Q1 2020,3,March,Mar,2020-03,3,2,Tuesday,False,False
2020-03-04,20200304,2020,1,Q1 2020,3,March,Mar,2020-03,4,3,Wednesday,False,False
2020-03-05,20200305,2020,1,Q1 2020,3,March,Mar,2020-03,5,4,Thursday,False,False
2020-03-06,20200306,2020,1,Q1 2020,3,March,Mar,2020-03,6,5,Friday,False,False
2020-03-07,20200307,2020,1,Q1 2020,3,March,Mar,2020-03,7,6,Saturday,True,False
2020-03-08,20200308,2020,1,Q1 2020,3,March,Mar,2020-03,8,7,Sunday,True,False
2020-03-09,20200309,2020,1,Q1 2020,3,March,Mar,2020-03,9,1,Monday,False,False
2020-03-10,20200310,2020,1,Q1 2020,3,March,Mar,2020-03,10,2,Tuesday,False,False
2020-03-11,20200311,2020,1,Q1 2020,3,March,Mar,2020-03,11,3,Wednesday,False,False
2020-03-12,20200312,2020,1,Q1 2020,3,March,Mar,2020-03,12,4,Thursday,False,False
2020-03-13,20200313,2020,1,Q1 2020,3,March,Mar,2020-03,13,5,Friday,False,False
2020-03-14,20200314,2020,1,Q1 2020,3,March,Mar,2020-03,14,6,Saturday,True,False
2020-03-15,20200315,2020,1,Q1 2020,3,March,Mar,2020-03,15,7,Sunday,True,False
2020-03-16,20200316,2020,1,Q1 2020,3,March,Mar,2020-03,16,1,Monday,False,False
2020-03-17,20200317,2020,1,Q1 2020,3,March,Mar,2020-03,17,2,Tuesday,False,False
2020-03-18,20200318,2020,1,Q1 2020,3,March,Mar,2020-03,18,3,Wednesday,False,False
2020-03-19,20200319,2020,1,Q1 2020,3,March,Mar,2020-03,19,4,Thursday,False,False
2020-03-20,20200320,2020,1,Q1 2020,3,March,Mar,2020-03,20,5,Friday,False,False
2020-03-21,20200321,2020,1,Q1 2020,3,March,Mar,2020-03,21,6,Saturday,True,False
2020-03-22,20200322,2020,1,Q1 2020,3,March,Mar,2020-03,22,7,Sunday,True,False
2020-03-23,20200323,2020,1,Q1 2020,3,March,Mar,2020-03,23,1,Monday,False,False
2020-03-24,20200324,2020,1,Q1 2020,3,March,Mar,2020-03,24,2,Tuesday,False,False
2020-03-25,20200325,2020,1,Q1 2020,3,March,Mar,2020-03,25,3,Wednesday,False,False
2020-03-26,20200326,2020,1,Q1 2020,3,March,Mar,2020-03,26,4,Thursday,False,False
2020-03-27,20200327,2020,1,Q1 2020,3,March,Mar,2020-03,27,5,Friday,False,False
2020-03-28,20200328,2020,1,Q1 2020,3,March,Mar,2020-03,28,6,Saturday,True,False
2020-03-29,20200329,2020,1,Q1 2020,3,March,Mar,2020-03,29,7,Sunday,True,False
2020-03-30,20200330,2020,1,Q1 2020,3,March,Mar,2020-03,30,1,Monday,False,False
2020-03-31,20200331,2020,1,Q1 2020,3,March,Mar,2020-03,31,2,Tuesday,False,True
2020-04-01,20200401,2020,2,Q2 2020,4,April,Apr,2020-04,1,3,Wednesday,False,False
2020-04-02,20200402,2020,2,Q2 2020,4,April,Apr,2020-04,2,4,Thursday,False,False
2020-04-03,20200403,2020,2,Q2 2020,4,April,Apr,2020-04,3,5,Friday,False,False
2020-04-04,20200404,2020,2,Q2 2020,4,April,Apr,2020-04,4,6,Saturday,True,False
2020-04-05,20200405,2020,2,Q2 2020,4,April,Apr,2020-04,5,7,Sunday,True,False
2020-04-06,20200406,2020,2,Q2 2020,4,April,Apr,2020-04,6,1,Monday,False,False
2020-04-07,20200407,2020,2,Q2 2020,4,April,Apr,2020-04,7,2,Tuesday,False,False
2020-04-08,20200408,2020,2,Q2 2020,4,April,Apr,2020-04,8,3,Wednesday,False,False
2020-04-09,20200409,2020,2,Q2 2020,4,April,Apr,2020-04,9,4,Thursday,False,False
