financial_key,date_key,product_key,gl_account_code,total_debit,total_credit,net_movement,ending_balance
1,20220210,1,10100,38214.69,0.0,38214.69,38214.69
2,20220210,1,12000,0.0,32764.05,-32764.05,5450.64
3,20220210,1,12100,0.0,5450.64,-5450.64,0.0
4,20220214,1,10100,8920.029999999999,0.0,8920.03,8920.03
5,20220214,1,12000,0.0,7338.360000000001,-7338.36,1581.67
6,20220214,1,12100,8365.71,1581.6699999999998,6784.04,8365.71
7,20220214,1,12200,396.12,0.0,396.12,8761.83
8,20220214,1,40100,0.0,8365.710000000001,-8365.71,396.12
9,20220214,1,40200,0.0,396.12,-396.12,0.0
10,20220215,1,10100,46219.02,0.0,46219.02,46219.02
11,20220215,1,12000,0.0,30438.89,-30438.89,15780.13
12,20220215,1,12100,15780.130000000001,15780.130000000001,0.0,15780.13
13,20220215,1,40100,0.0,15780.130000000001,-15780.13,0.0
14,20220216,1,12100,137.26,0.0,137.26,137.26
15,20220216,1,12200,25.0,0.0,25.0,162.26
16,20220216,1,40100,0.0,137.26,-137.26,25.0
17,20220216,1,40200,0.0,25.0,-25.0,0.0
18,20220217,1,10100,87053.87,0.0,87053.87,87053.87
19,20220217,1,12000,0.0,66434.88,-66434.88,20618.99
20,20220217,1,12100,20618.99,20618.99,0.0,20618.99
21,20220217,1,40100,0.0,20618.99,-20618.99,-0.0
22,20220218,1,10100,183373.30000000002,0.0,183373.3,183373.3
23,20220218,1,12000,0.0,64803.14,-64803.14,118570.16
24,20220218,1,12100,118570.15999999999,118570.15999999999,0.0,118570.16
25,20220218,1,40100,0.0,118570.15999999999,-118570.16,-0.0
26,20220219,1,10100,189702.68,0.0,189702.68,189702.68
27,20220219,1,12000,0.0,90079.73,-90079.73,99622.95
28,20220219,1,12100,93776.04,99622.95,-5846.91,93776.04
29,20220219,1,40100,0.0,93776.04000000001,-93776.04,0.0
30,20220220,1,10100,84137.92,0.0,84137.92,84137.92
31,20220220,1,12000,0.0,49624.030000000006,-49624.03,34513.89
32,20220220,1,12100,47008.520000000004,34513.89,12494.63,47008.52
33,20220220,1,40100,0.0,47008.520000000004,-47008.52,0.0
34,20220221,1,10100,191385.64,0.0,191385.64,191385.64
35,20220221,1,12000,0.0,138363.48,-138363.48,53022.16
36,20220221,1,12100,53022.159999999996,53022.159999999996,0.0,53022.16
37,20220221,1,40100,0.0,53022.159999999996,-53022.16,0.0
38,20220222,1,10100,18710.72,0.0,18710.72,18710.72
39,20220222,1,12000,0.0,4227.75,-4227.75,14482.97
40,20220222,1,12100,7014.19,14482.97,-7468.78,7014.19
41,20220222,1,40100,0.0,7014.19,-7014.19,0.0
42,20220223,1,10100,60882.79,0.0,60882.79,60882.79
43,20220223,1,12000,0.0,50635.850000000006,-50635.85,10246.94
44,20220223,1,12100,10246.94,10246.94,0.0,10246.94
45,20220223,1,40100,0.0,10246.94,-10246.94,0.0
46,20220224,1,10100,36131.38,0.0,36131.38,36131.38
47,20220224,1,12000,0.0,26406.07,-26406.07,9725.31
48,20220224,1,12100,4900.31,9725.310000000001,-4825.0,4900.31
49,20220224,1,40100,0.0,4900.31,-4900.31,-0.0
50,20220225,1,10100,211961.17,0.0,211961.17,211961.17
51,20220225,1,12000,0.0,106221.37000000001,-106221.37,105739.8
52,20220225,1,12100,119966.78,105343.68,14623.1,120362.9
53,20220225,1,12200,2881.91,396.12,2485.79,122848.69
54,20220225,1,40100,0.0,119966.78,-119966.78,2881.91
55,20220225,1,40200,0.0,2881.91,-2881.91,0.0
56,20220226,1,10100,2526.26,0.0,2526.26,2526.26
57,20220226,1,12000,0.0,597.46,-597.46,1928.8
58,20220226,1,12100,1928.8,1928.8,0.0,1928.8
59,20220226,1,40100,0.0,1928.8,-1928.8,0.0
60,20220227,1,10100,95372.17,0.0,95372.17,95372.17
61,20220227,1,12000,0.0,75502.14,-75502.14,19870.03
62,20220227,1,12100,33185.72,19870.03,13315.69,33185.72
63,20220227,1,40100,0.0,33185.72,-33185.72,0.0
64,20220228,1,10100,162347.51,0.0,162347.51,162347.51
65,20220228,1,12000,0.0,68563.76,-68563.76,93783.75
66,20220228,1,12100,93783.75,93783.75,0.0,93783.75
67,20220228,1,40100,0.0,93783.75,-93783.75,0.0
68,20220301,1,10100,13505.01,0.0,13505.01,13505.01
69,20220301,1,12100,38295.47,13505.01,24790.46,38295.47
70,20220301,1,12200,4728.4,0.0,4728.4,43023.87
71,20220301,1,40100,0.0,38295.47,-38295.47,4728.4
72,20220301,1,40200,0.0,4728.4,-4728.4,0.0
73,20220302,1,10100,37775.54,0.0,37775.54,37775.54
74,20220302,1,12000,0.0,26621.42,-26621.42,11154.12
75,20220302,1,12100,11154.12,11154.12,0.0,11154.12
76,20220302,1,40100,0.0,11154.12,-11154.12,0.0
77,20220303,1,10100,14233.95,0.0,14233.95,14233.95
78,20220303,1,12000,0.0,5421.93,-5421.93,8812.02
79,20220303,1,12100,8812.02,8812.02,0.0,8812.02
80,20220303,1,40100,0.0,8812.02,-8812.02,0.0
81,20220304,1,10100,6460.71,0.0,6460.71,6460.71
82,20220304,1,12000,0.0,2073.86,-2073.86,4386.85
83,20220304,1,12100,4386.85,4386.85,0.0,4386.85
84,20220304,1,40100,0.0,4386.85,-4386.85,0.0
85,20220305,1,10100,89642.28,0.0,89642.28,89642.28
86,20220305,1,12000,0.0,74231.54,-74231.54,15410.74
87,20220305,1,12100,15410.74,15410.74,0.0,15410.74
88,20220305,1,40100,0.0,15410.74,-15410.74,0.0
89,20220306,1,10100,73497.70999999999,0.0,73497.71,73497.71
90,20220306,1,12000,0.0,27700.87,-27700.87,45796.84
91,20220306,1,12100,50741.9,45796.84,4945.06,50741.9
92,20220306,1,12200,25.0,0.0,25.0,50766.9
93,20220306,1,40100,0.0,50741.9,-50741.9,25.0
94,20220306,1,40200,0.0,25.0,-25.0,0.0
95,20220307,1,10100,716.81,0.0,716.81,716.81
96,20220307,1,12000,0.0,505.7,-505.7,211.11
97,20220307,1,12100,211.11,211.11,0.0,211.11
98,20220307,1,40100,0.0,211.11,-211.11,0.0
99,20220308,1,10100,59898.96,0.0,59898.96,59898.96
100,20220308,1,12000,0.0,44243.28,-44243.28,15655.68
