performance_key,date_key,customer_key,product_key,loan_key,loan_id,status,servicing_status,outstanding_principal,scheduled_principal,accrued_interest,fees_due,total_due,days_past_due,is_delinquent_30_plus,is_default_90_plus
1,20231013,1,4,1,LOAN-000001,ACTIVE,CURRENT,61093.43,1070.51,446.9,0.0,1517.41,0,False,False
2,20231112,1,4,1,LOAN-000001,ACTIVE,CURRENT,60022.92,1078.34,439.07,0.0,1517.41,0,False,False
3,20231213,1,4,1,LOAN-000001,ACTIVE,CURRENT,58944.58,1071.85,445.56,0.0,1517.41,0,False,False
4,20240112,1,4,1,LOAN-000001,ACTIVE,CURRENT,57872.73,1094.07,423.34,0.0,1517.41,0,False,False
5,20240212,1,4,1,LOAN-000001,ACTIVE,CURRENT,56778.66,1088.23,429.18,0.0,1517.41,0,False,False
6,20240313,1,4,1,LOAN-000001,ACTIVE,CURRENT,55690.43,1110.03,407.38,0.0,1517.41,0,False,False
7,20230101,2,4,2,LOAN-000002,ACTIVE,CURRENT,23279.94,407.93,170.29,0.0,578.22,0,False,False
8,20230131,2,4,2,LOAN-000002,ACTIVE,GRACE_PERIOD,22872.01,410.91,167.31,0.0,578.22,5,False,False
9,20230303,2,4,2,LOAN-000002,ACTIVE,CURRENT,22461.1,408.44,169.78,0.0,578.22,0,False,False
10,20230402,2,4,2,LOAN-000002,ACTIVE,CURRENT,22052.66,416.9,161.32,0.0,578.22,0,False,False
11,20230503,2,4,2,LOAN-000002,ACTIVE,CURRENT,21635.76,414.68,163.54,0.0,578.22,0,False,False
12,20230602,2,4,2,LOAN-000002,ACTIVE,CURRENT,21221.08,422.99,155.23,0.0,578.22,0,False,False
13,20231123,3,3,3,LOAN-000003,ACTIVE,CURRENT,1396493.4,53194.1,10764.64,0.0,63958.74,0,False,False
14,20231223,3,3,3,LOAN-000003,ACTIVE,CURRENT,1343299.3,53604.14,10354.6,0.0,63958.74,0,False,False
15,20240123,3,3,3,LOAN-000003,ACTIVE,CURRENT,1289695.16,53685.96,10272.78,0.0,63958.74,0,False,False
16,20240222,3,3,3,LOAN-000003,ACTIVE,CURRENT,1236009.2,54431.17,9527.57,0.0,63958.74,0,False,False
17,20240324,3,3,3,LOAN-000003,ACTIVE,CURRENT,1181578.03,54547.14,9411.6,0.0,63958.74,0,False,False
18,20240423,3,3,3,LOAN-000003,ACTIVE,CURRENT,1127030.89,55271.21,8687.53,0.0,63958.74,0,False,False
19,20231210,4,2,4,LOAN-000004,ACTIVE,CURRENT,1048508.4,14835.85,5679.42,0.0,20515.27,0,False,False
20,20240109,4,2,4,LOAN-000004,ACTIVE,CURRENT,1033672.55,14916.21,5599.06,0.0,20515.27,0,False,False
21,20240209,4,2,4,LOAN-000004,ACTIVE,CURRENT,1018756.34,14813.06,5702.21,0.0,20515.27,0,False,False
22,20240310,4,2,4,LOAN-000004,ACTIVE,CURRENT,1003943.28,15077.24,5438.03,0.0,20515.27,0,False,False
23,20240410,4,2,4,LOAN-000004,ACTIVE,CURRENT,988866.04,14980.37,5534.9,0.0,20515.27,0,False,False
24,20240510,4,2,4,LOAN-000004,ACTIVE,CURRENT,973885.67,15240.06,5275.21,0.0,20515.27,0,False,False
25,20220422,5,2,5,LOAN-000005,ACTIVE,CURRENT,3343842.44,47313.64,18112.48,0.0,65426.12,0,False,False
26,20220522,5,2,5,LOAN-000005,ACTIVE,GRACE_PERIOD,3296528.8,47569.92,17856.2,0.0,65426.12,13,False,False
27,20220622,5,2,5,LOAN-000005,ACTIVE,CURRENT,3248958.88,47240.98,18185.14,0.0,65426.12,0,False,False
28,20220722,5,2,5,LOAN-000005,ACTIVE,CURRENT,3201717.9,48083.48,17342.64,0.0,65426.12,0,False,False
29,20220822,5,2,5,LOAN-000005,ACTIVE,CURRENT,3153634.42,47774.53,17651.59,0.0,65426.12,0,False,False
30,20220921,5,2,5,LOAN-000005,ACTIVE,GRACE_PERIOD,3105859.89,48602.71,16823.41,0.0,65426.12,9,False,False
31,20231004,6,5,6,LOAN-000006,ACTIVE,CURRENT,635401.68,602.9,3309.38,0.0,3912.28,0,False,False
32,20231103,6,5,6,LOAN-000006,ACTIVE,CURRENT,634798.78,606.04,3306.24,0.0,3912.28,0,False,False
33,20231204,6,5,6,LOAN-000006,ACTIVE,CURRENT,634192.74,609.19,3303.09,0.0,3912.28,0,False,False
34,20240103,6,5,6,LOAN-000006,ACTIVE,CURRENT,633583.55,612.37,3299.91,0.0,3912.28,0,False,False
35,20240203,6,5,6,LOAN-000006,ACTIVE,CURRENT,632971.18,615.56,3296.72,0.0,3912.28,0,False,False
36,20240304,6,5,6,LOAN-000006,ACTIVE,CURRENT,632355.62,618.76,3293.52,0.0,3912.28,0,False,False
37,20231121,7,1,7,LOAN-000007,ACTIVE,CURRENT,8371148.8,0.0,46250.6,0.0,46250.6,0,False,False
38,20231221,7,1,7,LOAN-000007,ACTIVE,CURRENT,8371148.8,0.0,46250.6,0.0,46250.6,0,False,False
39,20240121,7,1,7,LOAN-000007,ACTIVE,CURRENT,8371148.8,0.0,47792.28,0.0,47792.28,0,False,False
40,20240220,7,1,7,LOAN-000007,ACTIVE,CURRENT,8371148.8,0.0,46250.6,0.0,46250.6,0,False,False
41,20240322,7,1,7,LOAN-000007,ACTIVE,CURRENT,8371148.8,0.0,47792.28,0.0,47792.28,0,False,False
42,20240421,7,1,7,LOAN-000007,ACTIVE,CURRENT,8371148.8,0.0,46250.6,0.0,46250.6,0,False,False
43,20231111,8,4,8,LOAN-000008,ACTIVE,CURRENT,28443.78,498.4,208.07,0.0,706.47,0,False,False
44,20231211,8,4,8,LOAN-000008,ACTIVE,CURRENT,27945.38,502.05,204.42,0.0,706.47,0,False,False
45,20240111,8,4,8,LOAN-000008,ACTIVE,CURRENT,27443.33,499.03,207.44,0.0,706.47,0,False,False
46,20240210,8,4,8,LOAN-000008,ACTIVE,CURRENT,26944.3,509.37,197.1,0.0,706.47,0,False,False
47,20240312,8,4,8,LOAN-000008,ACTIVE,CURRENT,26434.93,506.65,199.82,0.0,706.47,0,False,False
48,20240411,8,4,8,LOAN-000008,ACTIVE,CURRENT,25928.28,516.8,189.67,0.0,706.47,0,False,False
49,20220815,9,1,9,LOAN-000009,ACTIVE,CURRENT,13317483.33,0.0,73579.1,0.0,73579.1,0,False,False
50,20220914,9,1,9,LOAN-000009,DELINQUENT,DELINQUENT_30,13317483.33,0.0,73579.1,0.0,73579.1,32,True,False
51,20221015,9,1,9,LOAN-000009,DEFAULT_CHARGED_OFF,DEFAULT_90_PLUS,13317483.33,0.0,76031.73,0.0,76031.73,624,True,True
52,20221114,9,1,9,LOAN-000009,ACTIVE,CURRENT,13317483.33,0.0,73579.1,0.0,73579.1,0,False,False
53,20221215,9,1,9,LOAN-000009,ACTIVE,CURRENT,13317483.33,0.0,76031.73,0.0,76031.73,0,False,False
54,20230114,9,1,9,LOAN-000009,ACTIVE,CURRENT,13317483.33,0.0,73579.1,0.0,73579.1,0,False,False
55,20230611,10,5,10,LOAN-000010,ACTIVE,CURRENT,108754.46,103.19,566.43,0.0,669.62,0,False,False
56,20230711,10,5,10,LOAN-000010,ACTIVE,CURRENT,108651.27,103.73,565.89,0.0,669.62,0,False,False
57,20230811,10,5,10,LOAN-000010,ACTIVE,CURRENT,108547.54,104.27,565.35,0.0,669.62,0,False,False
58,20230910,10,5,10,LOAN-000010,ACTIVE,CURRENT,108443.27,104.81,564.81,0.0,669.62,0,False,False
59,20231011,10,5,10,LOAN-000010,ACTIVE,CURRENT,108338.46,105.36,564.26,0.0,669.62,0,False,False
60,20231110,10,5,10,LOAN-000010,ACTIVE,CURRENT,108233.1,105.91,563.71,0.0,669.62,0,False,False
61,20220614,11,4,11,LOAN-000011,ACTIVE,CURRENT,13774.87,241.37,100.76,0.0,342.13,0,False,False
62,20220714,11,4,11,LOAN-000011,ACTIVE,GRACE_PERIOD,13533.5,243.13,99.0,0.0,342.13,9,False,False
63,20220814,11,4,11,LOAN-000011,ACTIVE,CURRENT,13290.37,241.67,100.46,0.0,342.13,0,False,False
64,20220913,11,4,11,LOAN-000011,ACTIVE,CURRENT,13048.7,246.68,95.45,0.0,342.13,0,False,False
65,20221014,11,4,11,LOAN-000011,ACTIVE,CURRENT,12802.02,245.36,96.77,0.0,342.13,0,False,False
66,20221113,11,4,11,LOAN-000011,ACTIVE,CURRENT,12556.66,250.28,91.85,0.0,342.13,0,False,False
67,20240114,12,4,12,LOAN-000012,ACTIVE,CURRENT,6063.8,106.25,44.36,0.0,150.61,0,False,False
68,20240213,12,4,12,LOAN-000012,ACTIVE,CURRENT,5957.55,107.03,43.58,0.0,150.61,0,False,False
69,20240315,12,4,12,LOAN-000012,ACTIVE,CURRENT,5850.52,106.39,44.22,0.0,150.61,0,False,False
70,20240414,12,4,12,LOAN-000012,ACTIVE,CURRENT,5744.13,108.59,42.02,0.0,150.61,0,False,False
71,20240515,12,4,12,LOAN-000012,ACTIVE,CURRENT,5635.54,108.01,42.6,0.0,150.61,0,False,False
72,20240614,12,4,12,LOAN-000012,ACTIVE,CURRENT,5527.53,110.18,40.43,0.0,150.61,0,False,False
73,20230414,13,3,13,LOAN-000013,ACTIVE,GRACE_PERIOD,293384.81,11175.38,2261.51,0.0,13436.89,24,False,False
74,20230514,13,3,13,LOAN-000013,ACTIVE,CURRENT,282209.43,11261.53,2175.36,0.0,13436.89,0,False,False
75,20230614,13,3,13,LOAN-000013,ACTIVE,CURRENT,270947.9,11278.71,2158.18,0.0,13436.89,0,False,False
76,20230714,13,3,13,LOAN-000013,ACTIVE,CURRENT,259669.19,11435.27,2001.62,0.0,13436.89,0,False,False
77,20230814,13,3,13,LOAN-000013,ACTIVE,CURRENT,248233.92,11459.64,1977.25,0.0,13436.89,0,False,False
78,20230913,13,3,13,LOAN-000013,ACTIVE,CURRENT,236774.28,11611.75,1825.14,0.0,13436.89,0,False,False
79,20220418,14,1,14,LOAN-000014,ACTIVE,CURRENT,2007592.77,0.0,11091.95,0.0,11091.95,0,False,False
80,20220518,14,1,14,LOAN-000014,ACTIVE,CURRENT,2007592.77,0.0,11091.95,0.0,11091.95,0,False,False
81,20220618,14,1,14,LOAN-000014,ACTIVE,CURRENT,2007592.77,0.0,11461.68,0.0,11461.68,0,False,False
82,20220718,14,1,14,LOAN-000014,ACTIVE,CURRENT,2007592.77,0.0,11091.95,0.0,11091.95,0,False,False
83,20220818,14,1,14,LOAN-000014,ACTIVE,CURRENT,2007592.77,0.0,11461.68,0.0,11461.68,0,False,False
84,20220917,14,1,14,LOAN-000014,ACTIVE,CURRENT,2007592.77,0.0,11091.95,0.0,11091.95,0,False,False
85,20230128,15,3,15,LOAN-000015,ACTIVE,CURRENT,432275.75,16465.9,3332.13,0.0,19798.03,0,False,False
86,20230227,15,3,15,LOAN-000015,ACTIVE,CURRENT,415809.85,16592.83,3205.2,0.0,19798.03,0,False,False
87,20230330,15,3,15,LOAN-000015,ACTIVE,CURRENT,399217.02,16618.16,3179.87,0.0,19798.03,0,False,False
88,20230429,15,3,15,LOAN-000015,ACTIVE,CURRENT,382598.86,16848.83,2949.2,0.0,19798.03,0,False,False
89,20230530,15,3,15,LOAN-000015,ACTIVE,CURRENT,365750.03,16884.73,2913.3,0.0,19798.03,0,False,False
90,20230629,15,3,15,LOAN-000015,ACTIVE,CURRENT,348865.3,17108.86,2689.17,0.0,19798.03,0,False,False
91,20220831,16,5,16,LOAN-000016,ACTIVE,GRACE_PERIOD,316614.47,300.42,1649.03,0.0,1949.45,12,False,False
92,20220930,16,5,16,LOAN-000016,ACTIVE,CURRENT,316314.05,301.98,1647.47,0.0,1949.45,0,False,False
93,20221031,16,5,16,LOAN-000016,ACTIVE,CURRENT,316012.07,303.55,1645.9,0.0,1949.45,0,False,False
94,20221130,16,5,16,LOAN-000016,ACTIVE,CURRENT,315708.52,305.13,1644.32,0.0,1949.45,0,False,False
95,20221231,16,5,16,LOAN-000016,ACTIVE,CURRENT,315403.39,306.72,1642.73,0.0,1949.45,0,False,False
96,20230130,16,5,16,LOAN-000016,ACTIVE,CURRENT,315096.67,308.32,1641.13,0.0,1949.45,0,False,False
97,20220701,17,4,17,LOAN-000017,ACTIVE,CURRENT,97953.39,1716.39,716.54,0.0,2432.93,0,False,False
98,20220731,17,4,17,LOAN-000017,ACTIVE,CURRENT,96237.0,1728.95,703.98,0.0,2432.93,0,False,False
99,20220831,17,4,17,LOAN-000017,ACTIVE,CURRENT,94508.05,1718.55,714.38,0.0,2432.93,0,False,False
100,20220930,17,4,17,LOAN-000017,ACTIVE,CURRENT,92789.5,1754.17,678.76,0.0,2432.93,0,False,False
