defect_key,date_key,defect_id,severity,priority,status,root_cause_category,variance_amount,days_open
1,20261006,DEF-2026-0001,MAJOR,P2,RESOLVED,DAY_COUNT_MISMATCH,6.21,3
2,20261006,DEF-2026-0002,MAJOR,P2,TRIAGED,LEAP_YEAR_BLINDNESS,-13.84,2
3,20261006,DEF-2026-0003,MAJOR,P2,IN_INVESTIGATION,LEAP_YEAR_BLINDNESS,-13.58,5
4,20261006,DEF-2026-0004,MAJOR,P2,RESOLVED,LEAP_YEAR_BLINDNESS,-153.54,3
5,20261006,DEF-2026-0005,MAJOR,P2,RESOLVED,LEAP_YEAR_BLINDNESS,-1541.69,4
6,20261006,DEF-2026-0006,MINOR,P3,VERIFIED_CLOSED,ROUNDING_TRUNCATION,-0.04,1
7,20261006,DEF-2026-0007,MAJOR,P2,VERIFIED_CLOSED,LEAP_YEAR_BLINDNESS,-1.45,4
8,20261006,DEF-2026-0008,MINOR,P3,RESOLVED,ROUNDING_TRUNCATION,-0.03,2
9,20261006,DEF-2026-0009,MAJOR,P2,TRIAGED,LEAP_YEAR_BLINDNESS,-312.84,1
10,20261006,DEF-2026-0010,MINOR,P3,VERIFIED_CLOSED,ROUNDING_TRUNCATION,-0.07,3
11,20261006,DEF-2026-0011,MAJOR,P2,VERIFIED_CLOSED,DAY_COUNT_MISMATCH,4.94,2
12,20261006,DEF-2026-0012,MAJOR,P2,IN_INVESTIGATION,DAY_COUNT_MISMATCH,4.67,9
13,20261006,DEF-2026-0013,MAJOR,P2,VERIFIED_CLOSED,DAY_COUNT_MISMATCH,8.06,3
14,20261006,DEF-2026-0014,MAJOR,P2,IN_INVESTIGATION,LEAP_YEAR_BLINDNESS,-13.53,3
15,20261006,DEF-2026-0015,MINOR,P3,VERIFIED_CLOSED,ROUNDING_TRUNCATION,-0.05,2
16,20261006,DEF-2026-0016,MAJOR,P2,RESOLVED,LEAP_YEAR_BLINDNESS,-61.79,2
17,20261006,DEF-2026-0017,MINOR,P3,TRIAGED,ROUNDING_TRUNCATION,-0.03,2
18,20261006,DEF-2026-0018,MINOR,P3,VERIFIED_CLOSED,ROUNDING_TRUNCATION,-0.06,4
19,20261006,DEF-2026-0019,MAJOR,P2,VERIFIED_CLOSED,LEAP_YEAR_BLINDNESS,-1.34,3
20,20261006,DEF-2026-0020,MINOR,P3,IN_INVESTIGATION,ROUNDING_TRUNCATION,-0.04,3
21,20261006,DEF-2026-0021,MAJOR,P2,VERIFIED_CLOSED,DAY_COUNT_MISMATCH,2.06,1
22,20261006,DEF-2026-0022,MAJOR,P2,RESOLVED,LEAP_YEAR_BLINDNESS,-403.66,4
23,20261006,DEF-2026-0023,MINOR,P3,TRIAGED,ROUNDING_TRUNCATION,-0.03,2
24,20261006,DEF-2026-0024,MAJOR,P2,VERIFIED_CLOSED,DAY_COUNT_MISMATCH,4.39,3
25,20261006,DEF-2026-0025,MAJOR,P2,IN_INVESTIGATION,DAY_COUNT_MISMATCH,8.43,7
26,20261006,DEF-2026-0026,MAJOR,P2,IN_INVESTIGATION,DAY_COUNT_MISMATCH,2.86,10
27,20261006,DEF-2026-0027,MAJOR,P2,IN_INVESTIGATION,DAY_COUNT_MISMATCH,3.38,7
28,20261006,DEF-2026-0028,MAJOR,P2,RESOLVED,DAY_COUNT_MISMATCH,5.93,2
29,20261006,DEF-2026-0029,MAJOR,P2,RESOLVED,DAY_COUNT_MISMATCH,2.64,3
30,20261006,DEF-2026-0030,MAJOR,P2,NEW,DAY_COUNT_MISMATCH,2.59,2
31,20261006,DEF-2026-0031,MINOR,P3,TRIAGED,ROUNDING_TRUNCATION,-0.07,2
32,20261006,DEF-2026-0032,MAJOR,P2,NEW,DAY_COUNT_MISMATCH,3.66,1
33,20261006,DEF-2026-0033,MAJOR,P2,VERIFIED_CLOSED,LEAP_YEAR_BLINDNESS,-6.42,1
34,20261006,DEF-2026-0034,MINOR,P3,IN_INVESTIGATION,ROUNDING_TRUNCATION,-0.07,9
35,20261006,DEF-2026-0035,MINOR,P3,VERIFIED_CLOSED,ROUNDING_TRUNCATION,-0.03,4
36,20261006,DEF-2026-0036,MAJOR,P2,TRIAGED,LEAP_YEAR_BLINDNESS,-10.34,1
37,20261006,DEF-2026-0037,MINOR,P3,TRIAGED,ROUNDING_TRUNCATION,-0.05,4
38,20261006,DEF-2026-0038,MINOR,P3,TRIAGED,ROUNDING_TRUNCATION,-0.04,1
39,20261006,DEF-2026-0039,MAJOR,P2,RESOLVED,LEAP_YEAR_BLINDNESS,-722.06,4
40,20261006,DEF-2026-0040,MAJOR,P2,TRIAGED,LEAP_YEAR_BLINDNESS,-711.56,3
41,20261006,DEF-2026-0041,MINOR,P3,VERIFIED_CLOSED,ROUNDING_TRUNCATION,-0.05,4
42,20261006,DEF-2026-0042,MAJOR,P2,RESOLVED,DAY_COUNT_MISMATCH,7.16,1
43,20261006,DEF-2026-0043,MINOR,P3,IN_INVESTIGATION,ROUNDING_TRUNCATION,-0.05,2
44,20261006,DEF-2026-0044,MAJOR,P2,IN_INVESTIGATION,LEAP_YEAR_BLINDNESS,-1223.31,2
45,20261006,DEF-2026-0045,MINOR,P3,RESOLVED,ROUNDING_TRUNCATION,-0.04,2
46,20261006,DEF-2026-0046,MAJOR,P2,RESOLVED,DAY_COUNT_MISMATCH,2.63,1
47,20261006,DEF-2026-0047,MAJOR,P2,IN_INVESTIGATION,DAY_COUNT_MISMATCH,5.16,4
48,20261006,DEF-2026-0048,MINOR,P3,VERIFIED_CLOSED,ROUNDING_TRUNCATION,-0.04,3
49,20261006,DEF-2026-0049,MAJOR,P2,RESOLVED,DAY_COUNT_MISMATCH,6.16,1
50,20261006,DEF-2026-0050,MAJOR,P2,RESOLVED,DAY_COUNT_MISMATCH,8.6,3
51,20261006,DEF-2026-0051,MAJOR,P2,RESOLVED,LEAP_YEAR_BLINDNESS,-202.75,3
52,20261006,DEF-2026-0052,MAJOR,P2,VERIFIED_CLOSED,DAY_COUNT_MISMATCH,9.59,4
53,20261006,DEF-2026-0053,MAJOR,P2,IN_INVESTIGATION,LEAP_YEAR_BLINDNESS,-22.58,3
54,20261006,DEF-2026-0054,MINOR,P3,VERIFIED_CLOSED,ROUNDING_TRUNCATION,-0.03,1
55,20261006,DEF-2026-0055,MAJOR,P2,RESOLVED,LEAP_YEAR_BLINDNESS,-56.95,4
56,20261006,DEF-2026-0056,MAJOR,P2,VERIFIED_CLOSED,LEAP_YEAR_BLINDNESS,-54.58,3
57,20261006,DEF-2026-0057,MAJOR,P2,IN_INVESTIGATION,LEAP_YEAR_BLINDNESS,-79.21,6
58,20261006,DEF-2026-0058,MAJOR,P2,IN_INVESTIGATION,DAY_COUNT_MISMATCH,6.09,9
59,20261006,DEF-2026-0059,MAJOR,P2,RESOLVED,DAY_COUNT_MISMATCH,1.72,3
60,20261006,DEF-2026-0060,MAJOR,P2,VERIFIED_CLOSED,LEAP_YEAR_BLINDNESS,-26.89,1
61,20261006,DEF-2026-0061,MINOR,P3,RESOLVED,ROUNDING_TRUNCATION,-0.03,3
62,20261006,DEF-2026-0062,MAJOR,P2,RESOLVED,DAY_COUNT_MISMATCH,0.57,2
63,20261006,DEF-2026-0063,MINOR,P3,IN_INVESTIGATION,ROUNDING_TRUNCATION,-0.03,3
64,20261006,DEF-2026-0064,MAJOR,P2,IN_INVESTIGATION,DAY_COUNT_MISMATCH,9.27,4
65,20261006,DEF-2026-0065,MINOR,P3,VERIFIED_CLOSED,ROUNDING_TRUNCATION,-0.05,2
66,20261006,DEF-2026-0066,MINOR,P3,VERIFIED_CLOSED,ROUNDING_TRUNCATION,-0.04,3
67,20261006,DEF-2026-0067,MAJOR,P2,VERIFIED_CLOSED,DAY_COUNT_MISMATCH,4.48,3
68,20261006,DEF-2026-0068,MAJOR,P2,RESOLVED,DAY_COUNT_MISMATCH,1.23,3
69,20261006,DEF-2026-0069,MINOR,P3,VERIFIED_CLOSED,ROUNDING_TRUNCATION,-0.04,3
70,20261006,DEF-2026-0070,MAJOR,P2,RESOLVED,LEAP_YEAR_BLINDNESS,-1894.1,3
71,20261006,DEF-2026-0071,MAJOR,P2,VERIFIED_CLOSED,LEAP_YEAR_BLINDNESS,-315.6,4
72,20261006,DEF-2026-0072,MAJOR,P2,IN_INVESTIGATION,LEAP_YEAR_BLINDNESS,-38.6,4
73,20261006,DEF-2026-0073,MAJOR,P2,IN_INVESTIGATION,DAY_COUNT_MISMATCH,5.29,8
74,20261006,DEF-2026-0074,MINOR,P3,RESOLVED,ROUNDING_TRUNCATION,-0.06,3
75,20261006,DEF-2026-0075,MAJOR,P2,RESOLVED,DAY_COUNT_MISMATCH,7.67,2
76,20261006,DEF-2026-0076,MAJOR,P2,TRIAGED,LEAP_YEAR_BLINDNESS,-2387.89,1
77,20261006,DEF-2026-0077,MAJOR,P2,RESOLVED,LEAP_YEAR_BLINDNESS,-928.9,4
78,20261006,DEF-2026-0078,MINOR,P3,VERIFIED_CLOSED,ROUNDING_TRUNCATION,-0.07,4
79,20261006,DEF-2026-0079,MAJOR,P2,IN_INVESTIGATION,DAY_COUNT_MISMATCH,0.82,8
80,20261006,DEF-2026-0080,MINOR,P3,RESOLVED,ROUNDING_TRUNCATION,-0.04,3
81,20261006,DEF-2026-0081,MAJOR,P2,VERIFIED_CLOSED,LEAP_YEAR_BLINDNESS,-162.67,2
82,20261006,DEF-2026-0082,MINOR,P3,VERIFIED_CLOSED,ROUNDING_TRUNCATION,-0.03,3
83,20261006,DEF-2026-0083,MAJOR,P2,TRIAGED,LEAP_YEAR_BLINDNESS,-15.46,4
84,20261006,DEF-2026-0084,MINOR,P3,VERIFIED_CLOSED,ROUNDING_TRUNCATION,-0.05,1
85,20261006,DEF-2026-0085,MAJOR,P2,VERIFIED_CLOSED,LEAP_YEAR_BLINDNESS,-1186.41,1
86,20261006,DEF-2026-0086,MAJOR,P2,IN_INVESTIGATION,DAY_COUNT_MISMATCH,7.56,4
87,20261006,DEF-2026-0087,MAJOR,P2,VERIFIED_CLOSED,DAY_COUNT_MISMATCH,7.68,3
88,20261006,DEF-2026-0088,MAJOR,P2,RESOLVED,LEAP_YEAR_BLINDNESS,-218.05,1
89,20261006,DEF-2026-0089,MAJOR,P2,VERIFIED_CLOSED,LEAP_YEAR_BLINDNESS,-207.98,3
90,20261006,DEF-2026-0090,MINOR,P3,VERIFIED_CLOSED,ROUNDING_TRUNCATION,-0.05,3
91,20261006,DEF-2026-0091,MAJOR,P2,TRIAGED,DAY_COUNT_MISMATCH,6.76,4
92,20261006,DEF-2026-0092,MAJOR,P2,TRIAGED,DAY_COUNT_MISMATCH,10.1,2
93,20261006,DEF-2026-0093,MAJOR,P2,RESOLVED,LEAP_YEAR_BLINDNESS,-26.71,3
94,20261006,DEF-2026-0094,MINOR,P3,VERIFIED_CLOSED,ROUNDING_TRUNCATION,-0.05,3
95,20261006,DEF-2026-0095,MAJOR,P2,IN_INVESTIGATION,DAY_COUNT_MISMATCH,9.56,4
96,20261006,DEF-2026-0096,MINOR,P3,IN_INVESTIGATION,ROUNDING_TRUNCATION,-0.07,3
97,20261006,DEF-2026-0097,MAJOR,P2,VERIFIED_CLOSED,DAY_COUNT_MISMATCH,7.07,4
98,20261006,DEF-2026-0098,MAJOR,P2,RESOLVED,DAY_COUNT_MISMATCH,2.04,1
99,20261006,DEF-2026-0099,MAJOR,P2,VERIFIED_CLOSED,LEAP_YEAR_BLINDNESS,-20.99,2
100,20261006,DEF-2026-0100,MAJOR,P2,VERIFIED_CLOSED,DAY_COUNT_MISMATCH,2.66,3
