date_key,product_key,region_key,total_reconciliations_run,passed_reconciliations,failed_reconciliations,total_variance_dollars,max_single_variance,reconciliation_pass_rate,reconciliation_summary_id
20220201,1,1,1,1,0,0.0,0.0,100.0,1
20220201,1,2,6,6,0,0.0,0.0,100.0,2
20220201,1,3,4,4,0,0.0,0.0,100.0,3
20220201,1,4,8,8,0,0.0,0.0,100.0,4
20220201,3,1,4,4,0,0.0,0.0,100.0,5
20220201,3,2,3,3,0,0.0,0.0,100.0,6
20220201,3,3,10,10,0,0.0,0.0,100.0,7
20220201,3,4,8,8,0,0.0,0.0,100.0,8
20220201,4,1,9,9,0,0.0,0.0,100.0,9
20220201,4,2,10,10,0,0.0,0.0,100.0,10
20220201,4,3,6,6,0,0.0,0.0,100.0,11
20220201,4,4,9,9,0,0.0,0.0,100.0,12
20220201,5,1,2,2,0,0.0,0.0,100.0,13
20220201,5,2,5,5,0,0.0,0.0,100.0,14
20220201,5,3,6,6,0,0.0,0.0,100.0,15
20220201,5,4,15,15,0,0.0,0.0,100.0,16
20220301,1,1,5,5,0,0.0,0.0,100.0,17
20220301,1,2,6,6,0,0.0,0.0,100.0,18
20220301,1,3,5,5,0,0.0,0.0,100.0,19
20220301,1,4,12,12,0,0.0,0.0,100.0,20
20220301,3,1,9,9,0,0.0,0.0,100.0,21
20220301,3,2,9,9,0,0.0,0.0,100.0,22
20220301,3,3,15,15,0,0.0,0.0,100.0,23
20220301,3,4,14,14,0,0.0,0.0,100.0,24
20220301,4,1,16,16,0,0.0,0.0,100.0,25
20220301,4,2,16,16,0,0.0,0.0,100.0,26
20220301,4,3,16,16,0,0.0,0.0,100.0,27
20220301,4,4,21,21,0,0.0,0.0,100.0,28
20220301,5,1,6,6,0,0.0,0.0,100.0,29
20220301,5,2,13,13,0,0.0,0.0,100.0,30
20220301,5,3,8,8,0,0.0,0.0,100.0,31
20220301,5,4,23,23,0,0.0,0.0,100.0,32
20220401,1,1,10,10,0,0.0,0.0,100.0,33
20220401,1,2,8,8,0,0.0,0.0,100.0,34
20220401,1,3,9,9,0,0.0,0.0,100.0,35
20220401,1,4,15,15,0,0.0,0.0,100.0,36
20220401,3,1,17,17,0,0.0,0.0,100.0,37
20220401,3,2,17,17,0,0.0,0.0,100.0,38
20220401,3,3,28,28,0,0.0,0.0,100.0,39
20220401,3,4,21,21,0,0.0,0.0,100.0,40
20220401,4,1,36,36,0,0.0,0.0,100.0,41
20220401,4,2,26,26,0,0.0,0.0,100.0,42
20220401,4,3,25,25,0,0.0,0.0,100.0,43
20220401,4,4,33,33,0,0.0,0.0,100.0,44
20220401,5,1,13,13,0,0.0,0.0,100.0,45
20220401,5,2,22,22,0,0.0,0.0,100.0,46
20220401,5,3,11,11,0,0.0,0.0,100.0,47
20220401,5,4,36,36,0,0.0,0.0,100.0,48
20220501,1,1,15,15,0,0.0,0.0,100.0,49
20220501,1,2,13,13,0,0.0,0.0,100.0,50
20220501,1,3,14,14,0,0.0,0.0,100.0,51
20220501,1,4,19,19,0,0.0,0.0,100.0,52
20220501,3,1,27,27,0,0.0,0.0,100.0,53
20220501,3,2,22,22,0,0.0,0.0,100.0,54
20220501,3,3,34,34,0,0.0,0.0,100.0,55
20220501,3,4,25,25,0,0.0,0.0,100.0,56
20220501,4,1,45,45,0,0.0,0.0,100.0,57
20220501,4,2,33,33,0,0.0,0.0,100.0,58
20220501,4,3,31,31,0,0.0,0.0,100.0,59
20220501,4,4,43,42,1,3.01,3.01,97.67,60
20220501,5,1,17,17,0,0.0,0.0,100.0,61
20220501,5,2,34,34,0,0.0,0.0,100.0,62
20220501,5,3,19,19,0,0.0,0.0,100.0,63
20220501,5,4,41,41,0,0.0,0.0,100.0,64
20220601,1,1,22,22,0,0.0,0.0,100.0,65
20220601,1,2,21,21,0,0.0,0.0,100.0,66
20220601,1,3,15,15,0,0.0,0.0,100.0,67
20220601,1,4,25,25,0,0.0,0.0,100.0,68
20220601,3,1,32,32,0,0.0,0.0,100.0,69
20220601,3,2,28,28,0,0.0,0.0,100.0,70
20220601,3,3,44,44,0,0.0,0.0,100.0,71
20220601,3,4,32,32,0,0.0,0.0,100.0,72
20220601,4,1,51,51,0,0.0,0.0,100.0,73
20220601,4,2,45,45,0,0.0,0.0,100.0,74
20220601,4,3,41,41,0,0.0,0.0,100.0,75
20220601,4,4,55,54,1,2.94,2.94,98.18,76
20220601,5,1,28,28,0,0.0,0.0,100.0,77
20220601,5,2,42,42,0,0.0,0.0,100.0,78
20220601,5,3,26,26,0,0.0,0.0,100.0,79
20220601,5,4,50,50,0,0.0,0.0,100.0,80
20220701,1,1,26,26,0,0.0,0.0,100.0,81
20220701,1,2,28,28,0,0.0,0.0,100.0,82
20220701,1,3,21,21,0,0.0,0.0,100.0,83
20220701,1,4,29,29,0,0.0,0.0,100.0,84
20220701,3,1,38,38,0,0.0,0.0,100.0,85
20220701,3,2,32,32,0,0.0,0.0,100.0,86
20220701,3,3,48,48,0,0.0,0.0,100.0,87
20220701,3,4,38,38,0,0.0,0.0,100.0,88
20220701,4,1,62,61,1,5.96,5.96,98.39,89
20220701,4,2,59,59,0,0.0,0.0,100.0,90
20220701,4,3,48,48,0,0.0,0.0,100.0,91
20220701,4,4,67,66,1,2.88,2.88,98.51,92
20220701,5,1,33,33,0,0.0,0.0,100.0,93
20220701,5,2,44,44,0,0.0,0.0,100.0,94
20220701,5,3,31,31,0,0.0,0.0,100.0,95
20220701,5,4,56,56,0,0.0,0.0,100.0,96
20220801,1,1,34,34,0,0.0,0.0,100.0,97
20220801,1,2,32,32,0,0.0,0.0,100.0,98
20220801,1,3,27,27,0,0.0,0.0,100.0,99
20220801,1,4,33,33,0,0.0,0.0,100.0,100
20220801,3,1,45,45,0,0.0,0.0,100.0,101
20220801,3,2,40,40,0,0.0,0.0,100.0,102
20220801,3,3,58,58,0,0.0,0.0,100.0,103
20220801,3,4,45,45,0,0.0,0.0,100.0,104
20220801,4,1,71,69,2,7.87,5.82,97.18,105
20220801,4,2,63,63,0,0.0,0.0,100.0,106
20220801,4,3,64,64,0,0.0,0.0,100.0,107
20220801,4,4,74,73,1,2.82,2.82,98.65,108
20220801,5,1,35,35,0,0.0,0.0,100.0,109
20220801,5,2,51,51,0,0.0,0.0,100.0,110
20220801,5,3,39,39,0,0.0,0.0,100.0,111
20220801,5,4,63,63,0,0.0,0.0,100.0,112
20220901,1,1,39,39,0,0.0,0.0,100.0,113
20220901,1,2,39,39,0,0.0,0.0,100.0,114
20220901,1,3,31,31,0,0.0,0.0,100.0,115
20220901,1,4,40,40,0,0.0,0.0,100.0,116
20220901,3,1,52,52,0,0.0,0.0,100.0,117
20220901,3,2,46,46,0,0.0,0.0,100.0,118
20220901,3,3,66,66,0,0.0,0.0,100.0,119
20220901,3,4,54,54,0,0.0,0.0,100.0,120
20220901,4,1,80,78,2,7.7,5.69,97.5,121
20220901,4,2,69,69,0,0.0,0.0,100.0,122
20220901,4,3,73,72,1,4.18,4.18,98.63,123
20220901,4,4,78,77,1,2.75,2.75,98.72,124
20220901,5,1,43,43,0,0.01,0.01,100.0,125
20220901,5,2,63,63,0,0.0,0.0,100.0,126
20220901,5,3,45,45,0,0.0,0.0,100.0,127
20220901,5,4,67,67,0,0.0,0.0,100.0,128
20221001,1,1,50,50,0,0.0,0.0,100.0,129
20221001,1,2,42,42,0,0.0,0.0,100.0,130
20221001,1,3,32,32,0,0.0,0.0,100.0,131
20221001,1,4,51,51,0,0.0,0.0,100.0,132
20221001,3,1,57,57,0,0.0,0.0,100.0,133
20221001,3,2,49,49,0,0.0,0.0,100.0,134
20221001,3,3,72,72,0,0.0,0.0,100.0,135
20221001,3,4,61,61,0,0.0,0.0,100.0,136
20221001,4,1,89,87,2,7.51,5.56,97.75,137
20221001,4,2,82,82,0,0.0,0.0,100.0,138
20221001,4,3,80,79,1,4.09,4.09,98.75,139
20221001,4,4,87,86,1,2.68,2.68,98.85,140
20221001,5,1,49,49,0,0.01,0.01,100.0,141
20221001,5,2,72,72,0,0.0,0.0,100.0,142
20221001,5,3,56,56,0,0.0,0.0,100.0,143
20221001,5,4,74,74,0,0.0,0.0,100.0,144
20221101,1,1,54,54,0,0.0,0.0,100.0,145
20221101,1,2,46,46,0,0.0,0.0,100.0,146
20221101,1,3,36,36,0,0.0,0.0,100.0,147
20221101,1,4,55,55,0,0.0,0.0,100.0,148
20221101,3,1,61,61,0,0.0,0.0,100.0,149
20221101,3,2,60,60,0,0.0,0.0,100.0,150
20221101,3,3,77,77,0,0.0,0.0,100.0,151
20221101,3,4,69,69,0,0.0,0.0,100.0,152
20221101,4,1,94,92,2,7.34,5.43,97.87,153
20221101,4,2,93,93,0,0.0,0.0,100.0,154
20221101,4,3,88,87,1,3.99,3.99,98.86,155
20221101,4,4,93,92,1,2.61,2.61,98.92,156
20221101,5,1,53,53,0,0.0,0.0,100.0,157
20221101,5,2,76,76,0,0.0,0.0,100.0,158
20221101,5,3,61,61,0,0.01,0.01,100.0,159
20221101,5,4,84,84,0,0.0,0.0,100.0,160
20221201,1,1,59,59,0,0.0,0.0,100.0,161
20221201,1,2,49,49,0,0.0,0.0,100.0,162
20221201,1,3,40,40,0,0.0,0.0,100.0,163
20221201,1,4,55,55,0,0.0,0.0,100.0,164
20221201,3,1,72,72,0,0.0,0.0,100.0,165
20221201,3,2,66,66,0,0.0,0.0,100.0,166
20221201,3,3,87,87,0,0.0,0.0,100.0,167
20221201,3,4,74,74,0,0.0,0.0,100.0,168
20221201,4,1,104,102,2,7.16,5.29,98.08,169
20221201,4,2,105,105,0,0.0,0.0,100.0,170
20221201,4,3,94,93,1,3.9,3.9,98.94,171
20221201,4,4,99,98,1,2.54,2.54,98.99,172
20221201,5,1,57,57,0,0.0,0.0,100.0,173
20221201,5,2,80,80,0,0.0,0.0,100.0,174
20221201,5,3,69,69,0,0.0,0.0,100.0,175
20221201,5,4,88,88,0,0.0,0.0,100.0,176
20230101,1,1,68,68,0,0.0,0.0,100.0,177
20230101,1,2,53,53,0,0.0,0.0,100.0,178
20230101,1,3,42,42,0,0.0,0.0,100.0,179
20230101,1,4,57,57,0,0.0,0.0,100.0,180
20230101,3,1,73,73,0,0.0,0.0,100.0,181
20230101,3,2,73,73,0,0.0,0.0,100.0,182
20230101,3,3,92,92,0,0.0,0.0,100.0,183
20230101,3,4,79,79,0,0.0,0.0,100.0,184
20230101,4,1,111,109,2,6.99,5.17,98.2,185
20230101,4,2,112,112,0,0.0,0.0,100.0,186
20230101,4,3,103,102,1,3.8,3.8,99.03,187
20230101,4,4,108,107,1,2.48,2.48,99.07,188
20230101,5,1,59,59,0,0.0,0.0,100.0,189
20230101,5,2,88,88,0,0.0,0.0,100.0,190
20230101,5,3,74,74,0,0.01,0.01,100.0,191
20230101,5,4,96,96,0,0.0,0.0,100.0,192
20230201,1,1,71,71,0,0.0,0.0,100.0,193
20230201,1,2,57,57,0,0.0,0.0,100.0,194
20230201,1,3,44,44,0,0.0,0.0,100.0,195
20230201,1,4,62,62,0,0.0,0.0,100.0,196
20230201,3,1,79,79,0,0.0,0.0,100.0,197
20230201,3,2,80,80,0,0.0,0.0,100.0,198
20230201,3,3,91,91,0,0.0,0.0,100.0,199
20230201,3,4,83,83,0,0.0,0.0,100.0,200
20230201,4,1,116,114,2,6.8100000000000005,5.03,98.28,201
20230201,4,2,124,124,0,0.0,0.0,100.0,202
20230201,4,3,114,113,1,3.72,3.72,99.12,203
20230201,4,4,121,120,1,2.41,2.41,99.17,204
20230201,5,1,65,65,0,0.01,0.01,100.0,205
20230201,5,2,94,94,0,0.0,0.0,100.0,206
20230201,5,3,81,81,0,0.0,0.0,100.0,207
20230201,5,4,105,105,0,0.0,0.0,100.0,208
20230301,1,1,75,75,0,0.0,0.0,100.0,209
20230301,1,2,60,60,0,0.0,0.0,100.0,210
20230301,1,3,51,51,0,0.0,0.0,100.0,211
20230301,1,4,67,67,0,0.0,0.0,100.0,212
20230301,3,1,89,89,0,0.0,0.0,100.0,213
20230301,3,2,85,85,0,0.0,0.0,100.0,214
20230301,3,3,101,101,0,0.0,0.0,100.0,215
20230301,3,4,92,92,0,0.0,0.0,100.0,216
20230301,4,1,126,124,2,6.630000000000001,4.9,98.41,217
20230301,4,2,136,136,0,0.0,0.0,100.0,218
20230301,4,3,127,126,1,3.62,3.62,99.21,219
20230301,4,4,132,130,2,3.9699999999999998,2.34,98.48,220
20230301,5,1,66,66,0,0.01,0.01,100.0,221
20230301,5,2,97,97,0,0.0,0.0,100.0,222
20230301,5,3,93,93,0,0.01,0.01,100.0,223
20230301,5,4,114,114,0,0.0,0.0,100.0,224
20230401,1,1,80,80,0,0.0,0.0,100.0,225
20230401,1,2,65,65,0,0.0,0.0,100.0,226
20230401,1,3,56,56,0,0.0,0.0,100.0,227
20230401,1,4,75,75,0,0.0,0.0,100.0,228
20230401,3,1,95,95,0,0.0,0.0,100.0,229
20230401,3,2,94,94,0,0.0,0.0,100.0,230
20230401,3,3,109,109,0,0.0,0.0,100.0,231
20230401,3,4,100,100,0,0.0,0.0,100.0,232
20230401,4,1,139,137,2,6.4399999999999995,4.76,98.56,233
20230401,4,2,139,139,0,0.0,0.0,100.0,234
20230401,4,3,139,138,1,3.53,3.53,99.28,235
20230401,4,4,137,135,2,3.8600000000000003,2.27,98.54,236
20230401,5,1,69,69,0,0.0,0.0,100.0,237
20230401,5,2,102,102,0,0.0,0.0,100.0,238
20230401,5,3,101,101,0,0.0,0.0,100.0,239
20230401,5,4,121,121,0,0.0,0.0,100.0,240
20230501,1,1,87,87,0,0.0,0.0,100.0,241
20230501,1,2,65,65,0,0.0,0.0,100.0,242
20230501,1,3,62,62,0,0.0,0.0,100.0,243
20230501,1,4,77,77,0,0.0,0.0,100.0,244
20230501,3,1,100,100,0,0.0,0.0,100.0,245
20230501,3,2,96,96,0,0.0,0.0,100.0,246
20230501,3,3,116,116,0,0.0,0.0,100.0,247
20230501,3,4,103,103,0,0.0,0.0,100.0,248
20230501,4,1,147,145,2,6.279999999999999,4.64,98.64,249
20230501,4,2,147,147,0,0.0,0.0,100.0,250
20230501,4,3,143,142,1,3.43,3.43,99.3,251
20230501,4,4,146,144,2,3.77,2.21,98.63,252
20230501,5,1,72,72,0,0.0,0.0,100.0,253
20230501,5,2,102,102,0,0.0,0.0,100.0,254
20230501,5,3,105,105,0,0.01,0.01,100.0,255
20230501,5,4,127,127,0,0.0,0.0,100.0,256
20230601,1,1,88,88,0,0.0,0.0,100.0,257
20230601,1,2,72,72,0,0.0,0.0,100.0,258
20230601,1,3,62,62,0,0.0,0.0,100.0,259
20230601,1,4,80,80,0,0.0,0.0,100.0,260
20230601,3,1,108,108,0,0.0,0.0,100.0,261
20230601,3,2,112,112,0,0.0,0.0,100.0,262
20230601,3,3,124,124,0,0.01,0.01,100.0,263
20230601,3,4,110,110,0,0.0,0.0,100.0,264
20230601,4,1,157,155,2,6.1,4.5,98.73,265
20230601,4,2,157,157,0,0.0,0.0,100.0,266
20230601,4,3,152,151,1,3.34,3.34,99.34,267
20230601,4,4,150,148,2,3.67,2.15,98.67,268
20230601,5,1,79,79,0,0.01,0.01,100.0,269
20230601,5,2,108,108,0,0.0,0.0,100.0,270
20230601,5,3,107,107,0,0.0,0.0,100.0,271
20230601,5,4,130,130,0,0.0,0.0,100.0,272
20230701,1,1,91,91,0,0.0,0.0,100.0,273
20230701,1,2,77,77,0,0.0,0.0,100.0,274
20230701,1,3,63,63,0,0.0,0.0,100.0,275
20230701,1,4,89,89,0,0.0,0.0,100.0,276
20230701,3,1,109,109,0,0.0,0.0,100.0,277
20230701,3,2,116,116,0,0.0,0.0,100.0,278
20230701,3,3,129,129,0,0.0,0.0,100.0,279
20230701,3,4,114,114,0,0.0,0.0,100.0,280
20230701,4,1,170,168,2,5.91,4.37,98.82,281
20230701,4,2,168,168,0,0.0,0.0,100.0,282
20230701,4,3,155,153,2,8.64,5.4,98.71,283
20230701,4,4,155,153,2,3.5700000000000003,2.08,98.71,284
20230701,5,1,84,84,0,0.01,0.01,100.0,285
20230701,5,2,114,114,0,0.0,0.0,100.0,286
20230701,5,3,115,115,0,0.0,0.0,100.0,287
20230701,5,4,137,137,0,0.0,0.0,100.0,288
20230801,1,1,95,95,0,0.0,0.0,100.0,289
20230801,1,2,81,81,0,0.0,0.0,100.0,290
20230801,1,3,66,66,0,0.0,0.0,100.0,291
20230801,1,4,89,89,0,0.0,0.0,100.0,292
20230801,3,1,112,112,0,0.0,0.0,100.0,293
20230801,3,2,123,123,0,0.0,0.0,100.0,294
20230801,3,3,127,127,0,0.0,0.0,100.0,295
20230801,3,4,118,118,0,0.0,0.0,100.0,296
20230801,4,1,173,171,2,5.73,4.23,98.84,297
20230801,4,2,176,176,0,0.0,0.0,100.0,298
20230801,4,3,163,161,2,8.45,5.29,98.77,299
20230801,4,4,165,163,2,3.46,2.01,98.79,300
20230801,5,1,89,89,0,0.01,0.01,100.0,301
20230801,5,2,123,123,0,0.0,0.0,100.0,302
20230801,5,3,118,118,0,0.01,0.01,100.0,303
20230801,5,4,140,140,0,0.0,0.0,100.0,304
20230901,1,1,99,99,0,0.0,0.0,100.0,305
20230901,1,2,83,83,0,0.0,0.0,100.0,306
20230901,1,3,69,69,0,0.0,0.0,100.0,307
20230901,1,4,98,98,0,0.0,0.0,100.0,308
20230901,3,1,115,115,0,0.0,0.0,100.0,309
20230901,3,2,126,126,0,0.0,0.0,100.0,310
20230901,3,3,131,131,0,0.02,0.01,100.0,311
20230901,3,4,128,128,0,0.0,0.0,100.0,312
20230901,4,1,178,176,2,5.57,4.11,98.88,313
20230901,4,2,184,184,0,0.0,0.0,100.0,314
20230901,4,3,172,170,2,8.22,5.16,98.84,315
20230901,4,4,173,171,2,3.36,1.94,98.84,316
20230901,5,1,89,89,0,0.0,0.0,100.0,317
20230901,5,2,128,128,0,0.0,0.0,100.0,318
20230901,5,3,125,125,0,0.0,0.0,100.0,319
20230901,5,4,143,143,0,0.0,0.0,100.0,320
20231001,1,1,100,100,0,0.0,0.0,100.0,321
20231001,1,2,86,86,0,0.01,0.01,100.0,322
20231001,1,3,70,70,0,0.0,0.0,100.0,323
20231001,1,4,101,101,0,0.0,0.0,100.0,324
20231001,3,1,122,122,0,0.0,0.0,100.0,325
20231001,3,2,134,134,0,0.0,0.0,100.0,326
20231001,3,3,136,136,0,0.01,0.01,100.0,327
20231001,3,4,130,130,0,0.0,0.0,100.0,328
20231001,4,1,183,181,2,5.38,3.97,98.91,329
20231001,4,2,192,192,0,0.0,0.0,100.0,330
20231001,4,3,178,176,2,8.02,5.05,98.88,331
20231001,4,4,173,172,1,1.38,1.38,99.42,332
20231001,5,1,89,89,0,0.0,0.0,100.0,333
20231001,5,2,132,132,0,0.0,0.0,100.0,334
20231001,5,3,129,129,0,0.01,0.01,100.0,335
20231001,5,4,150,150,0,0.0,0.0,100.0,336
20231101,1,1,96,96,0,0.0,0.0,100.0,337
20231101,1,2,87,87,0,0.01,0.01,100.0,338
20231101,1,3,71,71,0,0.0,0.0,100.0,339
20231101,1,4,102,102,0,0.0,0.0,100.0,340
20231101,3,1,125,125,0,0.0,0.0,100.0,341
20231101,3,2,138,138,0,0.0,0.0,100.0,342
20231101,3,3,141,141,0,0.01,0.01,100.0,343
20231101,3,4,132,132,0,0.0,0.0,100.0,344
20231101,4,1,195,193,2,5.21,3.84,98.97,345
20231101,4,2,200,200,0,0.0,0.0,100.0,346
20231101,4,3,182,180,2,7.79,4.92,98.9,347
20231101,4,4,175,174,1,1.35,1.35,99.43,348
20231101,5,1,92,92,0,0.01,0.01,100.0,349
20231101,5,2,138,138,0,0.0,0.0,100.0,350
20231101,5,3,136,136,0,0.0,0.0,100.0,351
20231101,5,4,158,158,0,0.0,0.0,100.0,352
20231201,1,1,99,99,0,0.0,0.0,100.0,353
20231201,1,2,89,89,0,0.01,0.01,100.0,354
20231201,1,3,72,72,0,0.0,0.0,100.0,355
20231201,1,4,104,104,0,0.0,0.0,100.0,356
20231201,3,1,128,128,0,0.0,0.0,100.0,357
20231201,3,2,144,144,0,0.0,0.0,100.0,358
20231201,3,3,144,144,0,0.01,0.01,100.0,359
20231201,3,4,133,133,0,0.0,0.0,100.0,360
20231201,4,1,194,192,2,5.0200000000000005,3.7,98.97,361
20231201,4,2,195,195,0,0.0,0.0,100.0,362
20231201,4,3,182,180,2,6.1,4.8,98.9,363
20231201,4,4,184,183,1,1.3,1.3,99.46,364
20231201,5,1,97,97,0,0.01,0.01,100.0,365
20231201,5,2,144,144,0,0.0,0.0,100.0,366
20231201,5,3,139,139,0,0.01,0.01,100.0,367
20231201,5,4,166,166,0,0.0,0.0,100.0,368
20240101,1,1,97,97,0,0.0,0.0,100.0,369
20240101,1,2,88,88,0,0.01,0.01,100.0,370
20240101,1,3,71,71,0,0.0,0.0,100.0,371
20240101,1,4,101,101,0,0.0,0.0,100.0,372
20240101,3,1,124,124,0,0.0,0.0,100.0,373
20240101,3,2,140,140,0,0.0,0.0,100.0,374
20240101,3,3,143,143,0,0.02,0.01,100.0,375
20240101,3,4,130,130,0,0.0,0.0,100.0,376
20240101,4,1,191,189,2,4.85,3.58,98.95,377
20240101,4,2,191,191,0,0.0,0.0,100.0,378
20240101,4,3,181,179,2,5.95,4.69,98.9,379
20240101,4,4,180,179,1,1.27,1.27,99.44,380
20240101,5,1,93,93,0,0.01,0.01,100.0,381
20240101,5,2,143,143,0,0.0,0.0,100.0,382
20240101,5,3,139,139,0,0.0,0.0,100.0,383
20240101,5,4,163,163,0,0.0,0.0,100.0,384
20240201,1,1,93,93,0,0.0,0.0,100.0,385
20240201,1,2,84,84,0,0.01,0.01,100.0,386
20240201,1,3,71,71,0,0.0,0.0,100.0,387
20240201,1,4,98,98,0,0.0,0.0,100.0,388
20240201,3,1,122,122,0,0.0,0.0,100.0,389
20240201,3,2,135,135,0,0.0,0.0,100.0,390
20240201,3,3,136,136,0,0.0,0.0,100.0,391
20240201,3,4,121,121,0,0.0,0.0,100.0,392
20240201,4,1,187,185,2,4.67,3.44,98.93,393
20240201,4,2,185,185,0,0.0,0.0,100.0,394
20240201,4,3,177,175,2,5.789999999999999,4.56,98.87,395
20240201,4,4,172,171,1,1.23,1.23,99.42,396
20240201,5,1,90,90,0,0.0,0.0,100.0,397
20240201,5,2,140,140,0,0.0,0.0,100.0,398
20240201,5,3,136,136,0,0.01,0.01,100.0,399
20240201,5,4,158,158,0,0.0,0.0,100.0,400
20240301,1,1,86,86,0,0.0,0.0,100.0,401
20240301,1,2,84,84,0,0.01,0.01,100.0,402
20240301,1,3,69,69,0,0.0,0.0,100.0,403
20240301,1,4,95,95,0,0.0,0.0,100.0,404
20240301,3,1,117,117,0,0.0,0.0,100.0,405
20240301,3,2,131,131,0,0.0,0.0,100.0,406
20240301,3,3,131,131,0,0.01,0.01,100.0,407
20240301,3,4,113,113,0,0.0,0.0,100.0,408
20240301,4,1,181,179,2,4.5,3.31,98.9,409
20240301,4,2,177,177,0,0.0,0.0,100.0,410
20240301,4,3,174,172,2,5.65,4.44,98.85,411
20240301,4,4,167,166,1,1.19,1.19,99.4,412
20240301,5,1,86,86,0,0.0,0.0,100.0,413
20240301,5,2,135,135,0,0.0,0.0,100.0,414
20240301,5,3,133,133,0,0.01,0.01,100.0,415
20240301,5,4,156,156,0,0.0,0.0,100.0,416
20240401,1,1,79,79,0,0.0,0.0,100.0,417
20240401,1,2,83,83,0,0.01,0.01,100.0,418
20240401,1,3,66,66,0,0.0,0.0,100.0,419
20240401,1,4,93,93,0,0.0,0.0,100.0,420
20240401,3,1,112,112,0,0.0,0.0,100.0,421
20240401,3,2,125,125,0,0.0,0.0,100.0,422
20240401,3,3,119,119,0,0.01,0.01,100.0,423
20240401,3,4,105,105,0,0.0,0.0,100.0,424
20240401,4,1,173,171,2,4.31,3.17,98.84,425
20240401,4,2,171,171,0,0.0,0.0,100.0,426
20240401,4,3,169,167,2,5.5,4.32,98.82,427
20240401,4,4,165,164,1,1.16,1.16,99.39,428
20240401,5,1,85,85,0,0.01,0.01,100.0,429
20240401,5,2,130,130,0,0.0,0.0,100.0,430
20240401,5,3,129,129,0,0.01,0.01,100.0,431
20240401,5,4,153,153,0,0.0,0.0,100.0,432
20240501,1,1,76,76,0,0.0,0.0,100.0,433
20240501,1,2,78,78,0,0.01,0.01,100.0,434
20240501,1,3,64,64,0,0.0,0.0,100.0,435
20240501,1,4,89,89,0,0.0,0.0,100.0,436
20240501,3,1,103,103,0,0.0,0.0,100.0,437
20240501,3,2,120,120,0,0.0,0.0,100.0,438
20240501,3,3,115,115,0,0.01,0.01,100.0,439
20240501,3,4,102,102,0,0.0,0.0,100.0,440
20240501,4,1,167,165,2,4.14,3.05,98.8,441
20240501,4,2,161,161,0,0.0,0.0,100.0,442
20240501,4,3,167,165,2,5.35,4.2,98.8,443
20240501,4,4,159,158,1,1.12,1.12,99.37,444
20240501,5,1,83,83,0,0.01,0.01,100.0,445
20240501,5,2,126,126,0,0.0,0.0,100.0,446
20240501,5,3,126,126,0,0.02,0.01,100.0,447
20240501,5,4,144,144,0,0.0,0.0,100.0,448
20240601,1,1,73,73,0,0.0,0.0,100.0,449
20240601,1,2,74,74,0,0.01,0.01,100.0,450
20240601,1,3,61,61,0,0.0,0.0,100.0,451
20240601,1,4,89,89,0,0.0,0.0,100.0,452
20240601,3,1,97,97,0,0.0,0.0,100.0,453
20240601,3,2,110,110,0,0.0,0.0,100.0,454
20240601,3,3,104,104,0,0.0,0.0,100.0,455
20240601,3,4,99,99,0,0.0,0.0,100.0,456
20240601,4,1,165,163,2,3.96,2.91,98.79,457
20240601,4,2,153,153,0,0.0,0.0,100.0,458
20240601,4,3,161,159,2,5.21,4.09,98.76,459
20240601,4,4,154,153,1,1.09,1.09,99.35,460
20240601,5,1,79,79,0,0.0,0.0,100.0,461
20240601,5,2,124,124,0,0.0,0.0,100.0,462
20240601,5,3,120,120,0,0.01,0.01,100.0,463
20240601,5,4,139,139,0,0.0,0.0,100.0,464
20240701,1,1,73,73,0,0.0,0.0,100.0,465
20240701,1,2,73,73,0,0.01,0.01,100.0,466
20240701,1,3,58,58,0,0.0,0.0,100.0,467
20240701,1,4,86,86,0,0.0,0.0,100.0,468
20240701,3,1,88,88,0,0.0,0.0,100.0,469
20240701,3,2,107,107,0,0.0,0.0,100.0,470
20240701,3,3,100,100,0,0.01,0.01,100.0,471
20240701,3,4,95,95,0,0.0,0.0,100.0,472
20240701,4,1,159,157,2,3.78,2.78,98.74,473
20240701,4,2,147,147,0,0.0,0.0,100.0,474
20240701,4,3,154,152,2,5.05,3.96,98.7,475
20240701,4,4,150,149,1,1.05,1.05,99.33,476
20240701,5,1,75,75,0,0.0,0.0,100.0,477
20240701,5,2,117,117,0,0.0,0.0,100.0,478
20240701,5,3,112,112,0,0.02,0.01,100.0,479
20240701,5,4,135,135,0,0.0,0.0,100.0,480
20240801,1,1,70,70,0,0.0,0.0,100.0,481
20240801,1,2,70,70,0,0.0,0.0,100.0,482
20240801,1,3,55,55,0,0.0,0.0,100.0,483
20240801,1,4,82,82,0,0.0,0.0,100.0,484
20240801,3,1,80,80,0,0.0,0.0,100.0,485
20240801,3,2,98,98,0,0.0,0.0,100.0,486
20240801,3,3,94,94,0,0.01,0.01,100.0,487
20240801,3,4,92,92,0,0.0,0.0,100.0,488
20240801,4,1,151,149,2,3.61,2.65,98.68,489
20240801,4,2,140,140,0,0.0,0.0,100.0,490
20240801,4,3,143,141,2,4.9,3.84,98.6,491
20240801,4,4,144,143,1,1.02,1.02,99.31,492
20240801,5,1,72,72,0,0.0,0.0,100.0,493
20240801,5,2,105,105,0,0.0,0.0,100.0,494
20240801,5,3,107,107,0,0.01,0.01,100.0,495
20240801,5,4,121,121,0,0.0,0.0,100.0,496
20240901,1,1,68,68,0,0.0,0.0,100.0,497
20240901,1,2,66,66,0,0.0,0.0,100.0,498
20240901,1,3,54,54,0,0.0,0.0,100.0,499
20240901,1,4,78,78,0,0.0,0.0,100.0,500
20240901,3,1,74,74,0,0.0,0.0,100.0,501
20240901,3,2,89,89,0,0.0,0.0,100.0,502
20240901,3,3,89,89,0,0.0,0.0,100.0,503
20240901,3,4,82,82,0,0.0,0.0,100.0,504
20240901,4,1,147,145,2,3.43,2.52,98.64,505
20240901,4,2,135,135,0,0.0,0.0,100.0,506
20240901,4,3,136,135,1,3.72,3.72,99.26,507
20240901,4,4,137,136,1,0.98,0.98,99.27,508
20240901,5,1,69,69,0,0.01,0.01,100.0,509
20240901,5,2,101,101,0,0.0,0.0,100.0,510
20240901,5,3,106,106,0,0.02,0.01,100.0,511
20240901,5,4,116,116,0,0.0,0.0,100.0,512
20241001,1,1,66,66,0,0.0,0.0,100.0,513
20241001,1,2,66,66,0,0.0,0.0,100.0,514
20241001,1,3,48,48,0,0.0,0.0,100.0,515
20241001,1,4,74,74,0,0.0,0.0,100.0,516
20241001,3,1,63,63,0,0.0,0.0,100.0,517
20241001,3,2,85,85,0,0.0,0.0,100.0,518
20241001,3,3,82,82,0,0.01,0.01,100.0,519
20241001,3,4,76,76,0,0.0,0.0,100.0,520
20241001,4,1,140,138,2,3.2399999999999998,2.38,98.57,521
20241001,4,2,128,128,0,0.0,0.0,100.0,522
20241001,4,3,131,130,1,3.6,3.6,99.24,523
20241001,4,4,129,128,1,0.94,0.94,99.22,524
20241001,5,1,67,67,0,0.01,0.01,100.0,525
20241001,5,2,99,99,0,0.0,0.0,100.0,526
20241001,5,3,100,100,0,0.0,0.0,100.0,527
20241001,5,4,113,113,0,0.0,0.0,100.0,528
20241101,1,1,61,61,0,0.0,0.0,100.0,529
20241101,1,2,63,63,0,0.0,0.0,100.0,530
20241101,1,3,44,44,0,0.0,0.0,100.0,531
20241101,1,4,71,71,0,0.0,0.0,100.0,532
20241101,3,1,56,56,0,0.0,0.0,100.0,533
20241101,3,2,76,76,0,0.0,0.0,100.0,534
20241101,3,3,76,76,0,0.0,0.0,100.0,535
20241101,3,4,71,71,0,0.0,0.0,100.0,536
20241101,4,1,132,130,2,3.07,2.25,98.48,537
20241101,4,2,121,121,0,0.0,0.0,100.0,538
20241101,4,3,125,124,1,3.48,3.48,99.2,539
20241101,4,4,123,122,1,0.9,0.9,99.19,540
20241101,5,1,59,59,0,0.0,0.0,100.0,541
20241101,5,2,92,92,0,0.0,0.0,100.0,542
20241101,5,3,95,95,0,0.0,0.0,100.0,543
20241101,5,4,109,109,0,0.0,0.0,100.0,544
20241201,1,1,58,58,0,0.0,0.0,100.0,545
20241201,1,2,59,59,0,0.0,0.0,100.0,546
20241201,1,3,41,41,0,0.0,0.0,100.0,547
20241201,1,4,65,65,0,0.0,0.0,100.0,548
20241201,3,1,40,40,0,0.0,0.0,100.0,549
20241201,3,2,68,68,0,0.0,0.0,100.0,550
20241201,3,3,68,68,0,0.0,0.0,100.0,551
20241201,3,4,61,61,0,0.0,0.0,100.0,552
20241201,4,1,125,123,2,2.9000000000000004,2.12,98.4,553
20241201,4,2,107,107,0,0.0,0.0,100.0,554
20241201,4,3,112,111,1,3.36,3.36,99.11,555
20241201,4,4,114,113,1,0.87,0.87,99.12,556
20241201,5,1,58,58,0,0.0,0.0,100.0,557
20241201,5,2,87,87,0,0.0,0.0,100.0,558
20241201,5,3,89,89,0,0.0,0.0,100.0,559
20241201,5,4,104,104,0,0.0,0.0,100.0,560
20250101,1,1,54,54,0,0.0,0.0,100.0,561
20250101,1,2,56,56,0,0.0,0.0,100.0,562
20250101,1,3,34,34,0,0.0,0.0,100.0,563
20250101,1,4,64,64,0,0.0,0.0,100.0,564
20250101,3,1,40,40,0,0.0,0.0,100.0,565
20250101,3,2,61,61,0,0.0,0.0,100.0,566
20250101,3,3,63,63,0,0.0,0.0,100.0,567
20250101,3,4,56,56,0,0.0,0.0,100.0,568
20250101,4,1,116,115,1,1.99,1.99,99.14,569
20250101,4,2,102,102,0,0.0,0.0,100.0,570
20250101,4,3,104,103,1,3.24,3.24,99.04,571
20250101,4,4,104,103,1,0.83,0.83,99.04,572
20250101,5,1,52,52,0,0.0,0.0,100.0,573
20250101,5,2,81,81,0,0.0,0.0,100.0,574
20250101,5,3,81,81,0,0.0,0.0,100.0,575
20250101,5,4,96,96,0,0.0,0.0,100.0,576
20250201,1,1,46,46,0,0.0,0.0,100.0,577
20250201,1,2,51,51,0,0.0,0.0,100.0,578
20250201,1,3,30,30,0,0.0,0.0,100.0,579
20250201,1,4,57,57,0,0.0,0.0,100.0,580
20250201,3,1,34,34,0,0.0,0.0,100.0,581
20250201,3,2,52,52,0,0.0,0.0,100.0,582
20250201,3,3,55,55,0,0.0,0.0,100.0,583
20250201,3,4,49,49,0,0.0,0.0,100.0,584
20250201,4,1,103,102,1,1.85,1.85,99.03,585
20250201,4,2,95,95,0,0.0,0.0,100.0,586
20250201,4,3,96,95,1,3.12,3.12,98.96,587
20250201,4,4,94,93,1,0.8,0.8,98.94,588
20250201,5,1,49,49,0,0.01,0.01,100.0,589
20250201,5,2,79,79,0,0.0,0.0,100.0,590
20250201,5,3,75,75,0,0.0,0.0,100.0,591
20250201,5,4,87,87,0,0.0,0.0,100.0,592
20250301,1,1,42,42,0,0.0,0.0,100.0,593
20250301,1,2,49,49,0,0.0,0.0,100.0,594
20250301,1,3,26,26,0,0.0,0.0,100.0,595
20250301,1,4,53,53,0,0.0,0.0,100.0,596
20250301,3,1,27,27,0,0.0,0.0,100.0,597
20250301,3,2,48,48,0,0.0,0.0,100.0,598
20250301,3,3,47,47,0,0.0,0.0,100.0,599
20250301,3,4,41,41,0,0.0,0.0,100.0,600
20250301,4,1,98,97,1,1.72,1.72,98.98,601
20250301,4,2,87,87,0,0.0,0.0,100.0,602
20250301,4,3,86,85,1,3.0,3.0,98.84,603
20250301,4,4,83,82,1,0.76,0.76,98.8,604
20250301,5,1,46,46,0,0.01,0.01,100.0,605
20250301,5,2,72,72,0,0.0,0.0,100.0,606
20250301,5,3,67,67,0,0.0,0.0,100.0,607
20250301,5,4,78,78,0,0.0,0.0,100.0,608
20250401,1,1,40,40,0,0.0,0.0,100.0,609
20250401,1,2,47,47,0,0.0,0.0,100.0,610
20250401,1,3,24,24,0,0.0,0.0,100.0,611
20250401,1,4,52,52,0,0.0,0.0,100.0,612
20250401,3,1,25,25,0,0.0,0.0,100.0,613
20250401,3,2,41,41,0,0.0,0.0,100.0,614
20250401,3,3,37,37,0,0.0,0.0,100.0,615
20250401,3,4,37,37,0,0.0,0.0,100.0,616
20250401,4,1,87,87,0,0.0,0.0,100.0,617
20250401,4,2,81,81,0,0.0,0.0,100.0,618
20250401,4,3,81,80,1,2.88,2.88,98.77,619
20250401,4,4,73,72,1,0.72,0.72,98.63,620
20250401,5,1,44,44,0,0.0,0.0,100.0,621
20250401,5,2,63,63,0,0.0,0.0,100.0,622
20250401,5,3,63,63,0,0.01,0.01,100.0,623
20250401,5,4,72,72,0,0.0,0.0,100.0,624
20250501,1,1,32,32,0,0.0,0.0,100.0,625
20250501,1,2,36,36,0,0.0,0.0,100.0,626
20250501,1,3,22,22,0,0.0,0.0,100.0,627
20250501,1,4,45,45,0,0.0,0.0,100.0,628
20250501,3,1,22,22,0,0.0,0.0,100.0,629
20250501,3,2,38,38,0,0.0,0.0,100.0,630
20250501,3,3,32,32,0,0.0,0.0,100.0,631
20250501,3,4,32,32,0,0.0,0.0,100.0,632
20250501,4,1,81,81,0,0.0,0.0,100.0,633
20250501,4,2,70,70,0,0.0,0.0,100.0,634
20250501,4,3,76,75,1,2.76,2.76,98.68,635
20250501,4,4,66,66,0,0.0,0.0,100.0,636
20250501,5,1,40,40,0,0.0,0.0,100.0,637
20250501,5,2,57,57,0,0.0,0.0,100.0,638
20250501,5,3,59,59,0,0.01,0.01,100.0,639
20250501,5,4,66,66,0,0.0,0.0,100.0,640
20250601,1,1,29,29,0,0.0,0.0,100.0,641
20250601,1,2,32,32,0,0.0,0.0,100.0,642
20250601,1,3,17,17,0,0.0,0.0,100.0,643
20250601,1,4,43,43,0,0.0,0.0,100.0,644
20250601,3,1,20,20,0,0.0,0.0,100.0,645
20250601,3,2,26,26,0,0.0,0.0,100.0,646
20250601,3,3,27,27,0,0.0,0.0,100.0,647
20250601,3,4,26,26,0,0.0,0.0,100.0,648
20250601,4,1,75,75,0,0.0,0.0,100.0,649
20250601,4,2,64,64,0,0.0,0.0,100.0,650
20250601,4,3,70,69,1,2.64,2.64,98.57,651
20250601,4,4,59,59,0,0.0,0.0,100.0,652
20250601,5,1,32,32,0,0.0,0.0,100.0,653
20250601,5,2,53,53,0,0.0,0.0,100.0,654
20250601,5,3,48,48,0,0.01,0.01,100.0,655
20250601,5,4,58,58,0,0.0,0.0,100.0,656
20250701,1,1,25,25,0,0.0,0.0,100.0,657
20250701,1,2,28,28,0,0.0,0.0,100.0,658
20250701,1,3,14,14,0,0.0,0.0,100.0,659
20250701,1,4,40,40,0,0.0,0.0,100.0,660
20250701,3,1,17,17,0,0.0,0.0,100.0,661
20250701,3,2,24,24,0,0.0,0.0,100.0,662
20250701,3,3,20,20,0,0.0,0.0,100.0,663
20250701,3,4,24,24,0,0.0,0.0,100.0,664
20250701,4,1,67,67,0,0.0,0.0,100.0,665
20250701,4,2,58,58,0,0.0,0.0,100.0,666
20250701,4,3,65,64,1,2.51,2.51,98.46,667
20250701,4,4,51,51,0,0.0,0.0,100.0,668
20250701,5,1,31,31,0,0.0,0.0,100.0,669
20250701,5,2,50,50,0,0.0,0.0,100.0,670
20250701,5,3,39,39,0,0.01,0.01,100.0,671
20250701,5,4,49,49,0,0.0,0.0,100.0,672
20250801,1,1,23,23,0,0.0,0.0,100.0,673
20250801,1,2,23,23,0,0.0,0.0,100.0,674
20250801,1,3,12,12,0,0.0,0.0,100.0,675
20250801,1,4,37,37,0,0.0,0.0,100.0,676
20250801,3,1,13,13,0,0.0,0.0,100.0,677
20250801,3,2,20,20,0,0.0,0.0,100.0,678
20250801,3,3,15,15,0,0.0,0.0,100.0,679
20250801,3,4,19,19,0,0.0,0.0,100.0,680
20250801,4,1,55,55,0,0.0,0.0,100.0,681
20250801,4,2,52,52,0,0.0,0.0,100.0,682
20250801,4,3,53,52,1,2.4,2.4,98.11,683
20250801,4,4,47,47,0,0.0,0.0,100.0,684
20250801,5,1,28,28,0,0.0,0.0,100.0,685
20250801,5,2,39,39,0,0.0,0.0,100.0,686
20250801,5,3,33,33,0,0.01,0.01,100.0,687
20250801,5,4,46,46,0,0.0,0.0,100.0,688
20250901,1,1,20,20,0,0.0,0.0,100.0,689
20250901,1,2,16,16,0,0.0,0.0,100.0,690
20250901,1,3,11,11,0,0.0,0.0,100.0,691
20250901,1,4,33,33,0,0.0,0.0,100.0,692
20250901,3,1,10,10,0,0.0,0.0,100.0,693
20250901,3,2,15,15,0,0.0,0.0,100.0,694
20250901,3,3,13,13,0,0.0,0.0,100.0,695
20250901,3,4,11,11,0,0.0,0.0,100.0,696
20250901,4,1,41,41,0,0.0,0.0,100.0,697
20250901,4,2,47,47,0,0.0,0.0,100.0,698
20250901,4,3,46,45,1,2.28,2.28,97.83,699
20250901,4,4,44,44,0,0.0,0.0,100.0,700
20250901,5,1,27,27,0,0.0,0.0,100.0,701
20250901,5,2,36,36,0,0.0,0.0,100.0,702
20250901,5,3,32,32,0,0.01,0.01,100.0,703
20250901,5,4,40,40,0,0.0,0.0,100.0,704
20251001,1,1,18,18,0,0.0,0.0,100.0,705
20251001,1,2,15,15,0,0.0,0.0,100.0,706
20251001,1,3,10,10,0,0.0,0.0,100.0,707
20251001,1,4,31,31,0,0.0,0.0,100.0,708
20251001,3,1,5,5,0,0.0,0.0,100.0,709
20251001,3,2,9,9,0,0.0,0.0,100.0,710
20251001,3,3,9,9,0,0.0,0.0,100.0,711
20251001,3,4,8,8,0,0.0,0.0,100.0,712
20251001,4,1,35,35,0,0.0,0.0,100.0,713
20251001,4,2,40,40,0,0.0,0.0,100.0,714
20251001,4,3,41,41,0,0.0,0.0,100.0,715
20251001,4,4,40,40,0,0.0,0.0,100.0,716
20251001,5,1,26,26,0,0.0,0.0,100.0,717
20251001,5,2,35,35,0,0.0,0.0,100.0,718
20251001,5,3,25,25,0,0.01,0.01,100.0,719
20251001,5,4,37,37,0,0.0,0.0,100.0,720
20251101,1,1,16,16,0,0.0,0.0,100.0,721
20251101,1,2,12,12,0,0.0,0.0,100.0,722
20251101,1,3,10,10,0,0.0,0.0,100.0,723
20251101,1,4,26,26,0,0.0,0.0,100.0,724
20251101,3,1,2,2,0,0.0,0.0,100.0,725
20251101,3,2,5,5,0,0.0,0.0,100.0,726
20251101,3,3,5,5,0,0.01,0.01,100.0,727
20251101,3,4,3,3,0,0.0,0.0,100.0,728
20251101,4,1,31,31,0,0.0,0.0,100.0,729
20251101,4,2,32,32,0,0.0,0.0,100.0,730
20251101,4,3,31,31,0,0.0,0.0,100.0,731
20251101,4,4,36,36,0,0.0,0.0,100.0,732
20251101,5,1,18,18,0,0.0,0.0,100.0,733
20251101,5,2,32,32,0,0.0,0.0,100.0,734
20251101,5,3,23,23,0,0.0,0.0,100.0,735
20251101,5,4,31,31,0,0.0,0.0,100.0,736
20251201,1,1,11,11,0,0.0,0.0,100.0,737
20251201,1,2,10,10,0,0.0,0.0,100.0,738
20251201,1,3,8,8,0,0.0,0.0,100.0,739
20251201,1,4,24,24,0,0.0,0.0,100.0,740
20251201,3,3,2,2,0,0.01,0.01,100.0,741
20251201,4,1,25,25,0,0.0,0.0,100.0,742
20251201,4,2,23,23,0,0.0,0.0,100.0,743
20251201,4,3,28,28,0,0.0,0.0,100.0,744
20251201,4,4,33,33,0,0.0,0.0,100.0,745
20251201,5,1,18,18,0,0.0,0.0,100.0,746
20251201,5,2,27,27,0,0.0,0.0,100.0,747
20251201,5,3,22,22,0,0.0,0.0,100.0,748
20251201,5,4,28,28,0,0.0,0.0,100.0,749
20260101,1,1,9,9,0,0.0,0.0,100.0,750
20260101,1,2,8,8,0,0.0,0.0,100.0,751
20260101,1,3,6,6,0,0.0,0.0,100.0,752
20260101,1,4,22,22,0,0.0,0.0,100.0,753
20260101,4,1,19,19,0,0.0,0.0,100.0,754
20260101,4,2,19,19,0,0.0,0.0,100.0,755
20260101,4,3,26,26,0,0.0,0.0,100.0,756
20260101,4,4,31,31,0,0.0,0.0,100.0,757
20260101,5,1,17,17,0,0.0,0.0,100.0,758
20260101,5,2,24,24,0,0.0,0.0,100.0,759
20260101,5,3,20,20,0,0.0,0.0,100.0,760
20260101,5,4,25,25,0,0.0,0.0,100.0,761
20260201,1,1,9,9,0,0.0,0.0,100.0,762
20260201,1,2,6,6,0,0.0,0.0,100.0,763
20260201,1,3,6,6,0,0.0,0.0,100.0,764
20260201,1,4,15,15,0,0.0,0.0,100.0,765
20260201,4,1,16,16,0,0.0,0.0,100.0,766
20260201,4,2,16,16,0,0.0,0.0,100.0,767
20260201,4,3,16,16,0,0.0,0.0,100.0,768
20260201,4,4,26,26,0,0.0,0.0,100.0,769
20260201,5,1,15,15,0,0.0,0.0,100.0,770
20260201,5,2,21,21,0,0.0,0.0,100.0,771
20260201,5,3,18,18,0,0.0,0.0,100.0,772
20260201,5,4,19,19,0,0.0,0.0,100.0,773
20260301,1,1,9,9,0,0.0,0.0,100.0,774
20260301,1,2,6,6,0,0.0,0.0,100.0,775
20260301,1,3,4,4,0,0.0,0.0,100.0,776
20260301,1,4,13,13,0,0.0,0.0,100.0,777
20260301,4,1,13,13,0,0.0,0.0,100.0,778
20260301,4,2,13,13,0,0.0,0.0,100.0,779
20260301,4,3,13,13,0,0.0,0.0,100.0,780
20260301,4,4,24,24,0,0.0,0.0,100.0,781
20260301,5,1,14,14,0,0.0,0.0,100.0,782
20260301,5,2,18,18,0,0.0,0.0,100.0,783
20260301,5,3,13,13,0,0.0,0.0,100.0,784
20260301,5,4,16,16,0,0.0,0.0,100.0,785
20260401,1,1,8,8,0,0.0,0.0,100.0,786
20260401,1,2,4,4,0,0.0,0.0,100.0,787
20260401,1,3,4,4,0,0.0,0.0,100.0,788
20260401,1,4,11,11,0,0.0,0.0,100.0,789
20260401,4,1,12,12,0,0.0,0.0,100.0,790
20260401,4,2,12,12,0,0.0,0.0,100.0,791
20260401,4,3,8,8,0,0.0,0.0,100.0,792
20260401,4,4,21,21,0,0.0,0.0,100.0,793
20260401,5,1,14,14,0,0.0,0.0,100.0,794
20260401,5,2,13,13,0,0.0,0.0,100.0,795
20260401,5,3,10,10,0,0.0,0.0,100.0,796
20260401,5,4,13,13,0,0.0,0.0,100.0,797
20260501,1,1,6,6,0,0.0,0.0,100.0,798
20260501,1,2,4,4,0,0.0,0.0,100.0,799
20260501,1,3,3,3,0,0.0,0.0,100.0,800
20260501,1,4,11,11,0,0.0,0.0,100.0,801
20260501,4,1,8,8,0,0.0,0.0,100.0,802
20260501,4,2,7,7,0,0.0,0.0,100.0,803
20260501,4,3,6,6,0,0.0,0.0,100.0,804
20260501,4,4,21,21,0,0.0,0.0,100.0,805
20260501,5,1,9,9,0,0.0,0.0,100.0,806
20260501,5,2,10,10,0,0.0,0.0,100.0,807
20260501,5,3,7,7,0,0.0,0.0,100.0,808
20260501,5,4,11,11,0,0.0,0.0,100.0,809
20260601,1,1,5,5,0,0.0,0.0,100.0,810
20260601,1,2,3,3,0,0.0,0.0,100.0,811
20260601,1,3,3,3,0,0.0,0.0,100.0,812
20260601,1,4,8,8,0,0.0,0.0,100.0,813
20260601,4,1,8,8,0,0.0,0.0,100.0,814
20260601,4,2,6,6,0,0.0,0.0,100.0,815
20260601,4,3,4,4,0,0.0,0.0,100.0,816
20260601,4,4,16,16,0,0.0,0.0,100.0,817
20260601,5,1,5,5,0,0.0,0.0,100.0,818
20260601,5,2,7,7,0,0.0,0.0,100.0,819
20260601,5,3,3,3,0,0.0,0.0,100.0,820
20260601,5,4,9,9,0,0.0,0.0,100.0,821
20260701,1,1,4,4,0,0.0,0.0,100.0,822
20260701,1,2,1,1,0,0.0,0.0,100.0,823
20260701,1,3,2,2,0,0.0,0.0,100.0,824
20260701,1,4,5,5,0,0.0,0.0,100.0,825
20260701,4,1,4,4,0,0.0,0.0,100.0,826
20260701,4,2,3,3,0,0.0,0.0,100.0,827
20260701,4,3,4,4,0,0.0,0.0,100.0,828
20260701,4,4,11,11,0,0.0,0.0,100.0,829
20260701,5,1,5,5,0,0.0,0.0,100.0,830
20260701,5,2,5,5,0,0.0,0.0,100.0,831
20260701,5,3,3,3,0,0.0,0.0,100.0,832
20260701,5,4,7,7,0,0.0,0.0,100.0,833
20260801,1,1,3,3,0,0.0,0.0,100.0,834
20260801,1,2,1,1,0,0.0,0.0,100.0,835
20260801,1,3,1,1,0,0.0,0.0,100.0,836
20260801,1,4,2,2,0,0.0,0.0,100.0,837
20260801,4,1,4,4,0,0.0,0.0,100.0,838
20260801,4,2,3,3,0,0.0,0.0,100.0,839
20260801,4,3,3,3,0,0.0,0.0,100.0,840
20260801,4,4,8,8,0,0.0,0.0,100.0,841
20260801,5,1,1,1,0,0.0,0.0,100.0,842
20260801,5,2,3,3,0,0.0,0.0,100.0,843
20260801,5,3,3,3,0,0.0,0.0,100.0,844
20260801,5,4,6,6,0,0.0,0.0,100.0,845
20260901,1,1,3,3,0,0.0,0.0,100.0,846
20260901,1,3,1,1,0,0.0,0.0,100.0,847
20260901,1,4,1,1,0,0.0,0.0,100.0,848
20260901,4,1,3,3,0,0.0,0.0,100.0,849
20260901,4,2,2,2,0,0.0,0.0,100.0,850
20260901,4,3,3,3,0,0.0,0.0,100.0,851
20260901,4,4,2,2,0,0.0,0.0,100.0,852
20260901,5,1,1,1,0,0.0,0.0,100.0,853
20260901,5,2,2,2,0,0.0,0.0,100.0,854
20260901,5,3,1,1,0,0.0,0.0,100.0,855
20260901,5,4,3,3,0,0.0,0.0,100.0,856
20261001,1,1,2,2,0,0.0,0.0,100.0,857
20261001,4,1,2,2,0,0.0,0.0,100.0,858
20261001,4,3,3,3,0,0.0,0.0,100.0,859
20261001,5,1,1,1,0,0.0,0.0,100.0,860
20261001,5,2,1,1,0,0.0,0.0,100.0,861
20261001,5,3,1,1,0,0.0,0.0,100.0,862
20261101,4,1,1,1,0,0.0,0.0,100.0,863
20261101,4,3,1,1,0,0.0,0.0,100.0,864
