payment_key,date_key,customer_key,product_key,loan_key,payment_id,payment_amount,principal_applied,interest_applied,fees_applied,prepayment_applied,closing_principal_balance
1,20231013,1,4,1,PMT-00000001,1517.41,1070.51,446.9,0.0,0.0,60022.92
2,20231102,1,4,1,PMT-00000002,1714.67,1078.34,439.07,0.0,197.26,58747.32
3,20231213,1,4,1,PMT-00000003,1517.41,1071.85,445.56,0.0,0.0,57872.73
4,20240112,1,4,1,PMT-00000004,1517.41,1094.07,423.34,0.0,0.0,56778.66
5,20240212,1,4,1,PMT-00000005,1517.41,1088.23,429.18,0.0,0.0,55690.43
6,20240313,1,4,1,PMT-00000006,1517.41,1110.03,407.38,0.0,0.0,54580.4
7,20230101,2,4,2,PMT-00000007,578.22,407.93,170.29,0.0,0.0,22872.01
8,20230205,2,4,2,PMT-00000008,607.13,410.91,167.31,28.91,0.0,22461.1
9,20230303,2,4,2,PMT-00000009,578.22,408.44,169.78,0.0,0.0,22052.66
10,20230402,2,4,2,PMT-00000010,578.22,416.9,161.32,0.0,0.0,21635.76
11,20230503,2,4,2,PMT-00000011,578.22,414.68,163.54,0.0,0.0,21221.08
12,20230602,2,4,2,PMT-00000012,578.22,422.99,155.23,0.0,0.0,20798.09
13,20231123,3,3,3,PMT-00000013,63958.74,53194.1,10764.64,0.0,0.0,1343299.3
14,20231223,3,3,3,PMT-00000014,63958.74,53604.14,10354.6,0.0,0.0,1289695.16
15,20240118,3,3,3,PMT-00000015,70994.2,53685.96,10272.78,0.0,7035.46,1228973.74
16,20240222,3,3,3,PMT-00000016,63958.74,54431.17,9527.57,0.0,0.0,1181578.03
17,20240324,3,3,3,PMT-00000017,63958.74,54547.14,9411.6,0.0,0.0,1127030.89
18,20240423,3,3,3,PMT-00000018,63958.74,55271.21,8687.53,0.0,0.0,1071759.68
19,20231210,4,2,4,PMT-00000019,20515.27,14835.85,5679.42,0.0,0.0,1033672.55
20,20240105,4,2,4,PMT-00000020,22771.95,14916.21,5599.06,0.0,2256.68,1016499.66
21,20240209,4,2,4,PMT-00000021,20515.27,14813.06,5702.21,0.0,0.0,1003943.28
22,20240310,4,2,4,PMT-00000022,20515.27,15077.24,5438.03,0.0,0.0,988866.04
23,20240410,4,2,4,PMT-00000023,20515.27,14980.37,5534.9,0.0,0.0,973885.67
24,20240510,4,2,4,PMT-00000024,20515.27,15240.06,5275.21,0.0,0.0,958645.61
25,20220422,5,2,5,PMT-00000025,65426.12,47313.64,18112.48,0.0,0.0,3296528.8
26,20220604,5,2,5,PMT-00000026,68697.43,47569.92,17856.2,3271.31,0.0,3248958.88
27,20220622,5,2,5,PMT-00000027,65426.12,47240.98,18185.14,0.0,0.0,3201717.9
28,20220722,5,2,5,PMT-00000028,65426.12,48083.48,17342.64,0.0,0.0,3153634.42
29,20220822,5,2,5,PMT-00000029,65426.12,47774.53,17651.59,0.0,0.0,3105859.89
30,20220930,5,2,5,PMT-00000030,68697.43,48602.71,16823.41,3271.31,0.0,3057257.18
31,20231004,6,5,6,PMT-00000031,3912.28,602.9,3309.38,0.0,0.0,634798.78
32,20231103,6,5,6,PMT-00000032,3912.28,606.04,3306.24,0.0,0.0,634192.74
33,20231204,6,5,6,PMT-00000033,3912.28,609.19,3303.09,0.0,0.0,633583.55
34,20231228,6,5,6,PMT-00000034,4381.75,612.37,3299.91,0.0,469.47,632501.71
35,20240203,6,5,6,PMT-00000035,3912.28,615.56,3296.72,0.0,0.0,632355.62
36,20240304,6,5,6,PMT-00000036,3912.28,618.76,3293.52,0.0,0.0,631736.86
37,20231121,7,1,7,PMT-00000037,46250.6,0.0,46250.6,0.0,0.0,8371148.8
38,20231221,7,1,7,PMT-00000038,46250.6,0.0,46250.6,0.0,0.0,8371148.8
39,20240121,7,1,7,PMT-00000039,47792.28,0.0,47792.28,0.0,0.0,8371148.8
40,20240220,7,1,7,PMT-00000040,46250.6,0.0,46250.6,0.0,0.0,8371148.8
41,20240322,7,1,7,PMT-00000041,47792.28,0.0,47792.28,0.0,0.0,8371148.8
42,20240421,7,1,7,PMT-00000042,46250.6,0.0,46250.6,0.0,0.0,8371148.8
43,20231111,8,4,8,PMT-00000043,706.47,498.4,208.07,0.0,0.0,27945.38
44,20231211,8,4,8,PMT-00000044,706.47,502.05,204.42,0.0,0.0,27443.33
45,20240111,8,4,8,PMT-00000045,706.47,499.03,207.44,0.0,0.0,26944.3
46,20240210,8,4,8,PMT-00000046,706.47,509.37,197.1,0.0,0.0,26434.93
47,20240312,8,4,8,PMT-00000047,706.47,506.65,199.82,0.0,0.0,25928.28
48,20240411,8,4,8,PMT-00000048,706.47,516.8,189.67,0.0,0.0,25411.48
49,20220815,9,1,9,PMT-00000049,73579.1,0.0,73579.1,0.0,0.0,13317483.33
50,20221016,9,1,9,PMT-00000050,77258.06,0.0,73579.1,3678.96,0.0,13317483.33
51,20221114,9,1,9,PMT-00000051,73579.1,0.0,73579.1,0.0,0.0,13317483.33
52,20221215,9,1,9,PMT-00000052,76031.73,0.0,76031.73,0.0,0.0,13317483.33
53,20230114,9,1,9,PMT-00000053,73579.1,0.0,73579.1,0.0,0.0,13317483.33
54,20230611,10,5,10,PMT-00000054,669.62,103.19,566.43,0.0,0.0,108651.27
55,20230711,10,5,10,PMT-00000055,669.62,103.73,565.89,0.0,0.0,108547.54
56,20230801,10,5,10,PMT-00000056,776.76,104.27,565.35,0.0,107.14,108336.13
57,20230910,10,5,10,PMT-00000057,669.62,104.81,564.81,0.0,0.0,108338.46
58,20231011,10,5,10,PMT-00000058,669.62,105.36,564.26,0.0,0.0,108233.1
59,20231110,10,5,10,PMT-00000059,669.62,105.91,563.71,0.0,0.0,108127.19
60,20220614,11,4,11,PMT-00000060,342.13,241.37,100.76,0.0,0.0,13533.5
61,20220723,11,4,11,PMT-00000061,367.13,243.13,99.0,25.0,0.0,13290.37
62,20220814,11,4,11,PMT-00000062,342.13,241.67,100.46,0.0,0.0,13048.7
63,20220913,11,4,11,PMT-00000063,342.13,246.68,95.45,0.0,0.0,12802.02
64,20221014,11,4,11,PMT-00000064,342.13,245.36,96.77,0.0,0.0,12556.66
65,20221113,11,4,11,PMT-00000065,266.86,175.01,91.85,0.0,0.0,12381.65
66,20240111,12,4,12,PMT-00000066,177.72,106.25,44.36,0.0,27.11,5930.44
67,20240213,12,4,12,PMT-00000067,150.61,107.03,43.58,0.0,0.0,5850.52
68,20240315,12,4,12,PMT-00000068,150.61,106.39,44.22,0.0,0.0,5744.13
69,20240414,12,4,12,PMT-00000069,150.61,108.59,42.02,0.0,0.0,5635.54
70,20240515,12,4,12,PMT-00000070,150.61,108.01,42.6,0.0,0.0,5527.53
71,20240614,12,4,12,PMT-00000071,150.61,110.18,40.43,0.0,0.0,5417.35
72,20230508,13,3,13,PMT-00000072,14108.73,11175.38,2261.51,671.84,0.0,282209.43
73,20230514,13,3,13,PMT-00000073,13436.89,11261.53,2175.36,0.0,0.0,270947.9
74,20230614,13,3,13,PMT-00000074,13436.89,11278.71,2158.18,0.0,0.0,259669.19
75,20230714,13,3,13,PMT-00000075,13436.89,11435.27,2001.62,0.0,0.0,248233.92
76,20230814,13,3,13,PMT-00000076,13436.89,11459.64,1977.25,0.0,0.0,236774.28
77,20230913,13,3,13,PMT-00000077,13436.89,11611.75,1825.14,0.0,0.0,225162.53
78,20220418,14,1,14,PMT-00000078,11091.95,0.0,11091.95,0.0,0.0,2007592.77
79,20220509,14,1,14,PMT-00000079,13754.02,0.0,11091.95,0.0,2662.07,2004930.7
80,20220618,14,1,14,PMT-00000080,11461.68,0.0,11461.68,0.0,0.0,2007592.77
81,20220718,14,1,14,PMT-00000081,11091.95,0.0,11091.95,0.0,0.0,2007592.77
82,20220818,14,1,14,PMT-00000082,11461.68,0.0,11461.68,0.0,0.0,2007592.77
83,20220917,14,1,14,PMT-00000083,11091.95,0.0,11091.95,0.0,0.0,2007592.77
84,20230120,15,3,15,PMT-00000084,23361.68,16465.9,3332.13,0.0,3563.65,412246.2
85,20230227,15,3,15,PMT-00000085,19798.03,16592.83,3205.2,0.0,0.0,399217.02
86,20230330,15,3,15,PMT-00000086,19798.03,16618.16,3179.87,0.0,0.0,382598.86
87,20230429,15,3,15,PMT-00000087,19798.03,16848.83,2949.2,0.0,0.0,365750.03
88,20230530,15,3,15,PMT-00000088,19798.03,16884.73,2913.3,0.0,0.0,348865.3
89,20230629,15,3,15,PMT-00000089,19798.03,17108.86,2689.17,0.0,0.0,331756.44
90,20220912,16,5,16,PMT-00000090,2046.92,300.42,1649.03,97.47,0.0,316314.05
91,20220930,16,5,16,PMT-00000091,1949.45,301.98,1647.47,0.0,0.0,316012.07
92,20221031,16,5,16,PMT-00000092,1949.45,303.55,1645.9,0.0,0.0,315708.52
93,20221130,16,5,16,PMT-00000093,1949.45,305.13,1644.32,0.0,0.0,315403.39
94,20221231,16,5,16,PMT-00000094,1949.45,306.72,1642.73,0.0,0.0,315096.67
95,20230130,16,5,16,PMT-00000095,1949.45,308.32,1641.13,0.0,0.0,314788.35
96,20220701,17,4,17,PMT-00000096,2432.93,1716.39,716.54,0.0,0.0,96237.0
97,20220731,17,4,17,PMT-00000097,1678.72,974.74,703.98,0.0,0.0,95262.26
98,20220831,17,4,17,PMT-00000098,2432.93,1718.55,714.38,0.0,0.0,92789.5
99,20220930,17,4,17,PMT-00000099,2432.93,1754.17,678.76,0.0,0.0,91035.33
100,20221031,17,4,17,PMT-00000100,2432.93,1744.8,688.13,0.0,0.0,89290.53
